nationality,player,Rank,club,age,Apps,Mins,Goals,Assists,Yel,Red,SpG,PS,AerialsWon,MotM,Rating
Russia,Igor Akinfeev,294.0,CSKA Moscow,32.0,6,540.0,,,1,,,58.2,0.2,,6.86
Russia,Igor Akinfeev,102.0,CSKA Moscow,32.0,28,2520.0,,,1,,,54.9,0.1,,6.78
Russia,Igor Akinfeev,139.0,CSKA Moscow,32.0,6,540.0,,,,,,43.0,0.5,,6.98
Russia,Vladimir Gabulov,228.0,Arsenal Tula,34.0,20,1800.0,,,2,,,41.8,0.1,,6.3
Russia,Andrey Lunev,172.0,Zenit St. Petersburg,26.0,8,720.0,,,,,,67.7,0.4,,7.04
Russia,Andrey Lunev,119.0,Zenit St. Petersburg,26.0,20,1743.0,,,1,,,70.0,0.5,,6.73
Russia,Sergei Ignashevich,257.0,CSKA Moscow,38.0,5,450.0,,,,,0.4,79.1,2.8,,6.92
Russia,Sergei Ignashevich,25.0,CSKA Moscow,38.0,23(2),2073.0,1,1,,,0.5,82.8,2.4,3,7.11
Russia,Sergei Ignashevich,248.0,CSKA Moscow,38.0,4,316.0,,,,,,75.5,2,,6.7
Russia,Mario Fernandes,16.0,CSKA Moscow,27.0,25,2134.0,,3,2,,0.6,79.9,2.8,,7.17
Russia,Mario Fernandes,116.0,CSKA Moscow,27.0,6,540.0,,1,1,,0.3,77.5,2.7,,7.03
Russia,Vladimir Granat,136.0,Rubin Kazan,31.0,26(1),2419.0,,,10,,0.1,78.2,1.3,,6.68
Russia,Fyodor Kudryashov,,,,,,,,,,,,,,
Russia,Andrei Semyonov,,,,,,,,,,,,,,
Russia,Igor Smolnikov,684.0,Zenit St. Petersburg,29.0,4(1),330.0,,,2,,0.2,76.6,0.8,,6.31
Russia,Igor Smolnikov,34.0,Zenit St. Petersburg,29.0,20(2),1853.0,,,4,1,0.7,82.5,1.1,1,7.06
Russia,Ilya Kutepov,31.0,Spartak Moscow,24.0,15(3),1444.0,1,,5,,0.2,86.0,2.1,,7.08
Russia,Aleksandr Yerokhin,,,,,,,,,,,,,,
Russia,Yuri Zhirkov,460.0,Zenit St. Petersburg,34.0,2(2),216.0,,,,,,80.8,0.5,,6.65
Russia,Yuri Zhirkov,154.0,Zenit St. Petersburg,34.0,10(7),964.0,1,,2,,0.7,74.0,0.9,,6.62
Russia,Daler Kuzyaev,163.0,Zenit St. Petersburg,25.0,6(1),540.0,1,1,2,,0.4,83.7,0.7,,7.05
Russia,Daler Kuzyaev,30.0,Zenit St. Petersburg,25.0,22(4),1997.0,6,2,3,,1,84.2,0.5,1,7.08
Russia,Aleksandr Golovin,38.0,CSKA Moscow,22.0,5,450.0,2,,2,,2.8,83.1,0.8,,7.43
Russia,Aleksandr Golovin,9.0,CSKA Moscow,22.0,26(1),2283.0,5,3,8,,2.1,82.4,0.3,2,7.25
Russia,Aleksandr Golovin,216.0,CSKA Moscow,22.0,6,537.0,,1,2,,1.3,84.7,0.5,,6.78
Russia,Alan Dzagoev,493.0,CSKA Moscow,27.0,6,454.0,1,1,1,,2.7,80.8,0.5,,6.61
Russia,Alan Dzagoev,96.0,CSKA Moscow,27.0,20(1),1624.0,3,6,3,,2,78.5,0.3,1,6.8
Russia,Alan Dzagoev,263.0,CSKA Moscow,27.0,4(1),368.0,1,,1,,2,71.7,0.6,,6.67
Russia,Roman Zobnin,74.0,Spartak Moscow,24.0,10(4),1006.0,,1,2,,1.4,81.8,1.1,,6.85
Russia,Aleksandr Samedov,178.0,Spartak Moscow,33.0,18(3),1468.0,2,1,3,1,1.3,81.5,0.4,,6.56
Russia,Aleksandr Samedov,372.0,Spartak Moscow,33.0,2(2),192.0,1,,,,0.8,85.3,,,6.4
Russia,Yuri Gazinsky,,,,,,,,,,,,,,
Russia,Anton Miranchuk,561.0,Lokomotiv Moscow,22.0,8(2),690.0,1,1,1,,1.1,80.5,0.4,,6.53
Russia,Anton Miranchuk,108.0,Lokomotiv Moscow,22.0,22(7),1980.0,4,5,2,,1.4,79.0,0.7,2,6.76
Russia,Denis Cheryshev,586.0,Villarreal,27.0,1(4),192.0,1,1,1,,0.6,79.7,,,6.49
Russia,Denis Cheryshev,238.0,Villarreal,27.0,9(15),922.0,2,1,2,,1.2,71.7,0.5,,6.55
Russia,Artyom Dzyuba,,,,,,,,,,,,,,
Russia,Aleksei Miranchuk,,,,,,,,,,,,,,
Russia,Fyodor Smolov,,,,,,,,,,,,,,
Saudi Arabia,Mohammed Al-Owais,,,,,,,,,,,,,,
Saudi Arabia,Yasser Al-Musailem,,,,,,,,,,,,,,
Saudi Arabia,Abdullah Al-Mayuf,,,,,,,,,,,,,,
Saudi Arabia,Mansoor Al-Harbi,,,,,,,,,,,,,,
Saudi Arabia,Yasser Al-Shahrani,,,,,,,,,,,,,,
Saudi Arabia,Mohammed Al-Burayk,,,,,,,,,,,,,,
Saudi Arabia,Motaz Hawsawi,,,,,,,,,,,,,,
Saudi Arabia,Osama Hawsawi,,,,,,,,,,,,,,
Saudi Arabia,Ali Al-Bulaihi,,,,,,,,,,,,,,
Saudi Arabia,Omar Othman,,,,,,,,,,,,,,
Saudi Arabia,Abdullah Alkhaibari,,,,,,,,,,,,,,
Saudi Arabia,Abdulmalek Alkhaibri,,,,,,,,,,,,,,
Saudi Arabia,Abdullah Otayf,,,,,,,,,,,,,,
Saudi Arabia,Taiseer Al-Jassam,,,,,,,,,,,,,,
Saudi Arabia,Hussain Al-Moqahwi,,,,,,,,,,,,,,
Saudi Arabia,Salman Al-Faraj,,,,,,,,,,,,,,
Saudi Arabia,Mohamed Kanno,,,,,,,,,,,,,,
Saudi Arabia,Hatan Bahbir,,,,,,,,,,,,,,
Saudi Arabia,Salem Al-Dawsari,,,,,,,,,,,,,,
Saudi Arabia,Yahia Al-Shehri,,,,,,,,,,,,,,
Saudi Arabia,Fahad Al-Muwallad,,,,,,,,,,,,,,
Saudi Arabia,Mohammad Al-Sahlawi,,,,,,,,,,,,,,
Saudi Arabia,Muhannad Assiri,,,,,,,,,,,,,,
Egypt,Essam El Hadary,,,,,,,,,,,,,,
Egypt,Mohamed El-Shennawy,,,,,,,,,,,,,,
Egypt,Sherif Ekramy,,,,,,,,,,,,,,
Egypt,Ahmed Fathi,,,,,,,,,,,,,,
Egypt,Abdallah Said,,,,,,,,,,,,,,
Egypt,Saad Samir,,,,,,,,,,,,,,
Egypt,Ayman Ashraf,,,,,,,,,,,,,,
Egypt,Mohamed Abdel-Shafy,,,,,,,,,,,,,,
Egypt,Ahmed Hegazi,70.0,West Bromwich Albion,27.0,38,3387.0,2,,4,,0.4,73.2,2.7,3,6.98
Egypt,Ali Gabr,,,,,,,,,,,,,,
Egypt,Ahmed Elmohamady,,,,,,,,,,,,,,
Egypt,Omar Gaber,,,,,,,,,,,,,,
Egypt,Tarek Hamed,,,,,,,,,,,,,,
Egypt,Mahmoud Shikabala,,,,,,,,,,,,,,
Egypt,Sam Morsy,,,,,,,,,,,,,,
Egypt,Mohamed Elneny,195.0,Arsenal,25.0,9(3),838.0,1,2,,,0.8,93.5,0.3,1,7.01
Egypt,Mahmoud Kahraba,,,,,,,,,,,,,,
Egypt,Ramadan Sobhi,267.0,Stoke,21.0,12(12),1234.0,2,,2,,0.5,77.0,0.5,,6.46
Egypt,Trezeguet,2.0,Kasimpasa,23.0,31,2652.0,13,6,4,1,2.1,76.7,0.6,8,7.53
Egypt,Amr Warda,,,,,,,,,,,,,,
Egypt,Marwan Mohsen,,,,,,,,,,,,,,
Egypt,Mohamed Salah,3.0,Liverpool,25.0,34(2),2922.0,32,10,1,,4,76.7,0.4,8,7.69
Egypt,Mohamed Salah,8.0,Liverpool,25.0,12(1),931.0,10,4,,,3.3,74.7,0.2,1,7.97
Egypt,Mahmoud Elwensh,,,,,,,,,,,,,,
Uruguay,Fernando Muslera,164.0,Galatasaray,31.0,33,2970.0,,,6,,,68.0,0.6,1,6.67
Uruguay,Martin Silva,280.0,Vasco da Gama,35.0,5,450.0,,,,,,65.0,,,6.22
Uruguay,Martin Campana,327.0,Independiente,29.0,23,2070.0,,,1,,,65.2,0.3,,6.65
Uruguay,Diego Godin,111.0,Atletico Madrid,32.0,8,720.0,,,,,0.6,85.1,2.5,,7.19
Uruguay,Diego Godin,43.0,Atletico Madrid,32.0,28(2),2554.0,,,6,,0.4,85.8,1.9,,7.07
Uruguay,Diego Godin,79.0,Atletico Madrid,32.0,4,360.0,,,,,1,87.4,3,,7.11
Uruguay,Sebastian Coates,170.0,Sporting CP,27.0,4,360.0,,,2,,1.5,82.4,4.3,,7.04
Uruguay,Sebastian Coates,40.0,Sporting CP,27.0,34,3060.0,2,1,4,,0.9,83.5,2.5,1,7.1
Uruguay,Sebastian Coates,92.0,Sporting CP,27.0,5,450.0,,1,3,,0.4,80.3,2,,7.09
Uruguay,Jose Maria Gimenez,,,,,,,,,,,,,,
Uruguay,Maximiliano Pereira,,,,,,,,,,,,,,
Uruguay,Gaston Silva,29.0,Independiente,24.0,11(1),1015.0,1,,2,,0.6,86.2,1.2,1,7.25
Uruguay,Martin Caceres,,,,,,,,,,,,,,
Uruguay,Guillermo Varela,,,,,,,,,,,,,,
Uruguay,Nahitan Nandez,135.0,Boca Juniors,22.0,20(4),1887.0,4,,5,,1.1,81.4,0.8,,6.96
Uruguay,Lucas Torreira,29.0,Sampdoria,22.0,36,3185.0,4,1,6,,0.9,87.2,0.6,3,7.17
Uruguay,Matias Vecino,111.0,Inter,26.0,25(4),2137.0,3,2,7,1,1.4,88.3,1.1,,6.83
Uruguay,Rodrigo Bentancur,326.0,Juventus,20.0,3(2),291.0,,,3,,0.8,91.0,0.8,,6.51
Uruguay,Rodrigo Bentancur,262.0,Juventus,20.0,5(15),568.0,,,,,0.3,88.2,0.6,,6.41
Uruguay,Carlos Sanchez,,,,,,,,,,,,,,
Uruguay,Giorgian De Arrascaeta,,,,,,,,,,,,,,
Uruguay,Diego Laxalt,142.0,Genoa,25.0,32,2810.0,3,3,2,,1,72.0,0.6,,6.77
Uruguay,Cristian Rodriguez,,,,,,,,,,,,,,
Uruguay,Jonathan Urretaviscaya,,,,,,,,,,,,,,
Uruguay,Cristhian Stuani,50.0,Girona,31.0,32(1),2723.0,21,,8,,2.2,66.7,3.6,3,7.03
Uruguay,Maximiliano Gomez,,,,,,,,,,,,,,
Uruguay,Edinson Cavani,4.0,Paris Saint Germain,31.0,30(2),2589.0,28,6,3,,3.3,80.2,0.3,2,7.69
Uruguay,Edinson Cavani,20.0,Paris Saint Germain,31.0,8,680.0,7,1,1,,3.4,79.9,0.6,,7.59
Uruguay,Luis Suarez,3.0,Barcelona,31.0,32(1),2902.0,25,12,9,,3.7,76.9,0.4,5,7.72
Uruguay,Luis Suarez,203.0,Barcelona,31.0,10,884.0,1,3,2,,3.2,72.6,0.5,,6.8
Portugal,Anthony Lopes,325.0,Lyon,27.0,10,900.0,,,,,,65.5,0.1,,6.81
Portugal,Anthony Lopes,93.0,Lyon,27.0,34,3060.0,,,1,,,75.8,0.2,1,6.92
Portugal,Beto,80.0,Goztepe,36.0,30,2656.0,,,5,,,66.1,0.3,3,6.91
Portugal,Rui Patricio,459.0,Sporting CP,30.0,6,570.0,,,,,,72.1,,,6.65
Portugal,Rui Patricio,118.0,Sporting CP,30.0,34,3060.0,,,4,,,70.7,0.2,1,6.76
Portugal,Rui Patricio,289.0,Sporting CP,30.0,6,540.0,,,,,,57.7,,,6.61
Portugal,Bruno Alves,93.0,Sao Paulo,27.0,7,586.0,1,,3,,0.3,84.1,3,,6.99
Portugal,Cedric Soares,233.0,Southampton,26.0,32,2797.0,,3,3,,0.7,73.3,1,,6.57
Portugal,Jose Fonte,133.0,Dalian Yifang,34.0,7,621.0,,,,,0.9,81.4,2.1,,6.58
Portugal,Mario Rui,94.0,Napoli,27.0,24(1),2088.0,2,4,8,1,0.3,87.8,0.7,1,6.88
Portugal,Pepe,281.0,Gremio,21.0,0(5),93.0,,,1,,0.4,75.6,,,6.21
Portugal,Pepe,211.0,Estoril,21.0,19(3),1662.0,1,1,4,,1.3,84.5,0.1,,6.48
Portugal,Pepe,34.0,Besiktas,35.0,23,2041.0,2,1,4,,0.7,84.5,3.8,2,7.11
Portugal,Pepe,54.0,Besiktas,35.0,6,540.0,,,2,,0.5,71.9,3.5,,7.25
Portugal,Raphael Guerreiro,,,,,,,,,,,,,,
Portugal,Ricardo Pereira,6.0,FC Porto,24.0,26(1),2271.0,2,4,3,,0.7,80.3,1,3,7.59
Portugal,Ricardo Pereira,145.0,FC Porto,24.0,6(1),552.0,,2,1,,0.3,76.9,0.6,,6.96
Portugal,Ruben Dias,57.0,Benfica,21.0,24,2151.0,3,,4,,0.4,85.2,1.9,,6.95
Portugal,Adrien Silva,,,,,,,,,,,,,,
Portugal,Bruno Fernandes,2.0,Sporting CP,23.0,6,567.0,3,3,1,,4,79.9,0.3,1,8.0
Portugal,Bruno Fernandes,7.0,Sporting CP,23.0,32(1),2806.0,11,8,6,,2.8,75.0,0.7,6,7.55
Portugal,Bruno Fernandes,101.0,Sporting CP,23.0,6,537.0,1,1,2,,3.3,79.4,0.3,1,7.07
Portugal,Joao Mario,,,,,,,,,,,,,,
Portugal,Joao Moutinho,48.0,Monaco,31.0,31(2),2801.0,1,6,6,,0.7,86.3,0.8,2,7.11
Portugal,Joao Moutinho,282.0,Monaco,31.0,5(1),467.0,,1,1,,0.5,80.7,0.5,1,6.63
Portugal,Manuel Fernandes,25.0,Lokomotiv Moscow,32.0,10,900.0,6,,1,,2.7,84.7,1.4,2,7.52
Portugal,Manuel Fernandes,17.0,Lokomotiv Moscow,32.0,27(2),2476.0,7,4,4,,2.3,81.9,0.6,3,7.16
Portugal,William Carvalho,68.0,Sporting CP,26.0,3(1),256.0,,,2,,0.3,91.1,2.3,,7.3
Portugal,William Carvalho,21.0,Sporting CP,26.0,24,2132.0,1,1,3,,0.9,88.2,1.5,1,7.25
Portugal,William Carvalho,311.0,Sporting CP,26.0,5,450.0,,,1,,0.4,87.8,1,,6.56
Portugal,Andre Silva,166.0,AC Milan,22.0,8(2),721.0,6,,1,,2.1,78.7,0.8,2,7.05
Portugal,Andre Silva,270.0,AC Milan,22.0,7(17),922.0,2,,,,1.5,77.0,1,,6.35
Portugal,Bernardo Silva,148.0,Manchester City,23.0,15(20),1520.0,6,4,,,0.7,87.0,0.1,1,6.79
Portugal,Bernardo Silva,67.0,Manchester City,23.0,6(3),563.0,1,2,1,,1.1,85.7,0.3,,7.2
Portugal,Cristiano Ronaldo,2.0,Real Madrid,33.0,27,2293.0,26,5,1,,6.6,81.6,1.3,7,7.94
Portugal,Cristiano Ronaldo,4.0,Real Madrid,33.0,13,1170.0,15,3,2,,6.3,81.4,1.7,4,8.12
Portugal,Gelson Martins,120.0,Sporting CP,23.0,5,475.0,1,,,,1.8,86.9,0.8,,7.16
Portugal,Gelson Martins,13.0,Sporting CP,23.0,30(1),2688.0,8,8,3,1,1.5,83.3,0.3,4,7.4
Portugal,Gelson Martins,223.0,Sporting CP,23.0,5(1),463.0,1,1,2,,1.2,84.0,,,6.77
Portugal,Goncalo Guedes,27.0,Valencia,21.0,27(6),2444.0,5,9,2,,1.8,79.3,0.3,3,7.16
Portugal,Ricardo Quaresma ,,,,,,,,,,,,,,
Spain,David de Gea,,,,,,,,,,,,,,
Spain,Pepe Reina,,,,,,,,,,,,,,
Spain,Kepa Arrizabalaga,135.0,Athletic Bilbao,23.0,30,2700.0,,,4,,,62.9,0.3,2,6.79
Spain,Dani Carvajal,,,,,,,,,,,,,,
Spain,Alvaro Odriozola,113.0,Real Sociedad,22.0,6,540.0,1,,,,0.2,91.7,0.2,,7.18
Spain,Alvaro Odriozola,244.0,Real Sociedad,22.0,32(3),2918.0,,4,2,1,0.2,88.5,0.1,,6.53
Spain,Gerard Pique,25.0,Barcelona,31.0,29(1),2633.0,2,,9,,0.6,89.4,2.2,,7.16
Spain,Gerard Pique,166.0,Barcelona,31.0,9,736.0,1,,2,1,0.3,90.2,2,,6.9
Spain,Sergio Ramos,40.0,Real Madrid,32.0,26,2292.0,4,1,7,2,1.1,90.3,3.3,1,7.09
Spain,Sergio Ramos,86.0,Real Madrid,32.0,11,990.0,1,,3,,1.5,92.3,2.5,,7.1
Spain,Nacho,90.0,Real Madrid,28.0,22(5),2073.0,3,,7,,0.3,90.8,1.4,,6.9
Spain,Nacho,72.0,Real Madrid,28.0,6(2),595.0,1,,1,,0.6,91.1,1.3,,7.17
Spain,Cesar Azpilicueta,29.0,Chelsea,28.0,37,3330.0,2,6,1,,0.4,86.7,2.2,1,7.18
Spain,Cesar Azpilicueta,232.0,Chelsea,28.0,8,705.0,1,,,,0.1,88.2,0.8,,6.75
Spain,Jordi Alba,18.0,Barcelona,29.0,30(3),2745.0,2,8,8,,0.5,86.8,0.5,2,7.22
Spain,Jordi Alba,217.0,Barcelona,29.0,7(1),638.0,,,,,0.1,87.9,0.3,,6.78
Spain,Nacho Monreal,218.0,Arsenal,32.0,7,613.0,1,,2,,0.9,87.3,1.6,,6.97
Spain,Nacho Monreal,35.0,Arsenal,32.0,26(2),2244.0,5,2,3,,0.8,89.5,2.2,2,7.13
Spain,Sergio Busquets,16.0,Barcelona,29.0,30(1),2600.0,1,4,8,,0.2,90.5,1.6,,7.25
Spain,Sergio Busquets,122.0,Barcelona,29.0,9(1),768.0,,,1,,0.2,93.0,1.2,,7.01
Spain,Saul Niquez,,,,,,,,,,,,,,
Spain,Koke,79.0,Atletico Madrid,26.0,9,754.0,2,3,1,,1.1,84.5,0.3,,7.26
Spain,Koke,41.0,Atletico Madrid,26.0,33(2),2764.0,4,4,3,,0.8,85.2,0.5,1,7.08
Spain,Koke,269.0,Atletico Madrid,26.0,4,333.0,,,,,1.5,84.7,0.3,,6.66
Spain,Thiago Alcantara,7.0,Bayern Munich,27.0,12(7),1243.0,2,2,3,,1.3,91.5,1.2,2,7.36
Spain,Thiago Alcantara,33.0,Bayern Munich,27.0,7(3),608.0,3,,2,,0.9,91.3,0.5,2,7.37
Spain,Andres Iniesta,87.0,Barcelona,34.0,25(5),1843.0,1,2,1,,0.5,88.2,0.1,,6.91
Spain,Andres Iniesta,73.0,Barcelona,34.0,8,624.0,,2,,,1,90.2,,,7.15
Spain,David Silva,6.0,Manchester City,32.0,28(1),2437.0,9,11,5,,1.9,88.9,0.6,4,7.58
Spain,David Silva,228.0,Manchester City,32.0,5(2),426.0,,2,,,0.1,87.0,0.3,,6.76
Spain,Isco,26.0,Real Madrid,26.0,21(9),1781.0,7,7,1,,1.6,88.8,0.2,3,7.16
Spain,Isco,148.0,Real Madrid,26.0,10(1),736.0,,2,1,,2,91.5,0.3,,6.96
Spain,Marcio Asensio,,,,,,,,,,,,,,
Spain,Lucas Vazquez,84.0,Real Madrid,26.0,16(17),1670.0,4,7,3,,1,86.7,0.2,,6.91
Spain,Lucas Vazquez,97.0,Real Madrid,26.0,5(5),545.0,1,2,1,,0.6,86.9,0.1,1,7.08
Spain,Iago Aspas,7.0,Celta Vigo,30.0,33(1),2938.0,22,5,9,,2.8,78.8,0.5,11,7.49
Spain,Rodrigo,,,,,,,,,,,,,,
Spain,Diego Costa,70.0,Atletico Madrid,29.0,5,387.0,2,1,1,,2.4,66.7,2.6,1,7.29
Morocco,Mounir El Kajoui,,,,,,,,,,,,,,
Morocco,Yassine Bounou,,,,,,,,,,,,,,
Morocco,Ahmad Reda Tagnaouti,,,,,,,,,,,,,,
Morocco,Mehdi Benatia,,,,,,,,,,,,,,
Morocco,Romain Saiss,55.0,Wolverhampton Wanderers,28.0,37(5),3398.0,4,,11,,1,83.8,1.7,3,7.09
Morocco,Manuel Da Costa,,,,,,,,,,,,,,
Morocco,Badr Benoun,,,,,,,,,,,,,,
Morocco,Nabil Dirar,30.0,Fenerbahce,32.0,27(2),2278.0,4,8,4,,1,79.1,1.3,1,7.13
Morocco,Achraf Hakimi,,,,,,,,,,,,,,
Morocco,Hamza Mendyl,,,,,,,,,,,,,,
Morocco,M'bark Boussoufa,,,,,,,,,,,,,,
Morocco,Karim El Ahmadi,34.0,Feyenoord,33.0,31,2780.0,2,4,2,,1.3,89.6,0.6,1,7.19
Morocco,Karim El Ahmadi,451.0,Feyenoord,33.0,4,360.0,,,3,,1,88.9,0.3,,6.06
Morocco,Youssef Ait Bennasser,181.0,Caen,21.0,25(2),2054.0,,,4,,0.9,83.2,0.9,,6.72
Morocco,Sofyan Amrabat,146.0,Feyenoord,21.0,11(10),1190.0,1,2,4,,0.8,86.1,1.2,,6.73
Morocco,Sofyan Amrabat,299.0,Feyenoord,21.0,6,528.0,1,,1,,0.3,84.4,1.2,,6.59
Morocco,Younes Belhanda,7.0,Galatasaray,28.0,28(2),2445.0,3,8,4,2,1.3,80.2,0.6,2,7.39
Morocco,Faycal Fajr,111.0,Getafe,29.0,26(5),2384.0,1,4,7,,0.7,75.0,0.8,1,6.84
Morocco,Amine Harit,88.0,Schalke 04,20.0,23(8),2053.0,3,3,3,,0.8,84.2,0.4,2,6.92
Morocco,Khalid Boutaib,49.0,Yeni Malatyaspor,31.0,31(1),2713.0,12,3,7,,1.9,67.4,4.3,4,7.05
Morocco,Aziz Bouhaddouz,164.0,St. Pauli,31.0,19(7),1798.0,4,1,4,1,2.4,60.7,5,1,6.73
Morocco,Ayoub El Kaabi,,,,,,,,,,,,,,
Morocco,Nordin Amrabat,278.0,Leganes,31.0,17(13),1624.0,2,4,5,1,1.2,69.3,0.4,,6.36
Morocco,Mehdi Carcela,,,,,,,,,,,,,,
Morocco,Hakim Ziyech,1.0,Ajax,25.0,34,3043.0,9,15,4,,4.9,75.4,0.2,9,8.21
Iran,Alireza Beiranvand,,,,,,,,,,,,,,
Iran,Rashid Mazaheri,,,,,,,,,,,,,,
Iran,Amir Abedzadeh,,,,,,,,,,,,,,
Iran,Ramin Rezaeian,,,,,,,,,,,,,,
Iran,Mohammad Reza Khanzadeh,,,,,,,,,,,,,,
Iran,Morteza Pouraliganji,,,,,,,,,,,,,,
Iran,Pejman Montazeri,,,,,,,,,,,,,,
Iran,Seyed Majid Hosseini,,,,,,,,,,,,,,
Iran,Milad Mohammadi,58.0,FK Akhmat,24.0,21(2),1921.0,,2,1,,1.1,75.4,0.8,,6.94
Iran,Roozbeh Cheshmi,,,,,,,,,,,,,,
Iran,Saeid Ezatolahi,46.0,Amkar,21.0,12(3),996.0,1,,4,,1.4,67.6,3.7,1,6.99
Iran,Masoud Shojaei,,,,,,,,,,,,,,
Iran,Saman Ghoddos,28.0,Oestersunds FK,24.0,8,720.0,2,3,,,2.9,79.8,0.6,2,7.5
Iran,Mehdi Torabi,,,,,,,,,,,,,,
Iran,Ashkan Dejagah,,,,,,,,,,,,,,
Iran,Omid Ebrahimi,,,,,,,,,,,,,,
Iran,Ehsan Hajsafi,,,,,,,,,,,,,,
Iran,Vahid Amiri,,,,,,,,,,,,,,
Iran,Alireza Jahanbakhsh,2.0,AZ Alkmaar,24.0,33,2840.0,21,12,3,,4.3,73.4,0.7,14,8.2
Iran,Karim Ansarifard,,,,,,,,,,,,,,
Iran,Mahdi Taremi,,,,,,,,,,,,,,
Iran,Sardar Azmoun,128.0,Rubin Kazan,23.0,13(13),1429.0,5,3,4,,1.6,66.0,2,1,6.71
Iran,Reza Ghoochannejhad,205.0,SC Heerenveen,30.0,30(5),2509.0,9,1,3,,1.8,69.8,1,,6.48
France,Alphonse Areola,106.0,Paris Saint Germain,25.0,34,3060.0,,,,,,91.1,0.2,2,6.88
France,Alphonse Areola,61.0,Paris Saint Germain,25.0,8,720.0,,,,,,79.4,0.4,,7.22
France,Hugo Lloris,171.0,Tottenham,31.0,36,3240.0,,,1,,,75.2,0.3,1,6.74
France,Hugo Lloris,100.0,Tottenham,31.0,7,630.0,,,,,,60.2,0.4,,7.07
France,Steve Mandanda,708.0,Marseille,33.0,7,630.0,,,,,,60.3,,,6.26
France,Steve Mandanda,205.0,Marseille,33.0,31,2682.0,,,,1,,66.4,0.3,3,6.66
France,Lucas Hernandez,156.0,Atletico Madrid,22.0,7(1),614.0,,1,1,,0.4,81.8,1.9,,7.06
France,Lucas Hernandez,17.0,Atletico Madrid,22.0,24(3),2117.0,,1,6,1,0.3,82.9,1.6,1,7.24
France,Presnel Kimpembe,120.0,Paris Saint Germain,22.0,27(1),2425.0,,,6,2,0.4,95.3,1.1,,6.84
France,Benjamin Mendy,,,,,,,,,,,,,,
France,Benjamin Pavard,29.0,VfB Stuttgart,22.0,34,3060.0,1,,2,,0.3,83.7,3,4,7.1
France,Adil Rami,197.0,Marseille,32.0,13(1),1262.0,1,,3,,0.4,83.0,3.1,,7.0
France,Adil Rami,75.0,Marseille,32.0,33,2957.0,1,2,5,,0.5,86.6,2.9,,6.97
France,Djibril Sidibe,33.0,Monaco,25.0,25(2),2157.0,2,7,4,,0.7,85.3,1.6,4,7.14
France,Samuel Umtiti,49.0,Barcelona,24.0,24(1),2189.0,1,,7,,0.4,91.2,1.9,,7.03
France,Samuel Umtiti,129.0,Barcelona,24.0,9,810.0,,,,,0.1,91.0,1.6,,7.01
France,Raphael Varane,109.0,Real Madrid,25.0,27,2324.0,,1,3,,0.4,90.8,1.9,1,6.85
France,Raphael Varane,99.0,Real Madrid,25.0,11,938.0,,,1,,0.6,90.0,2.5,,7.07
France,N'Golo Kante,24.0,Chelsea,27.0,34,2998.0,1,1,3,,0.7,89.3,0.5,1,7.25
France,N'Golo Kante,68.0,Chelsea,27.0,6,498.0,,,,,0.5,90.4,0.5,,7.19
France,Blaise Matuidi,338.0,Juventus,31.0,5(4),494.0,1,,,,0.4,87.9,0.9,,6.48
France,Blaise Matuidi,129.0,Juventus,31.0,27(5),2355.0,3,1,3,,0.8,91.6,1,,6.8
France,Steven N'Zonzi,95.0,Sevilla,29.0,26(1),2216.0,1,2,2,,0.8,88.0,3.8,1,6.89
France,Steven N'Zonzi,133.0,Sevilla,29.0,8,676.0,,,2,,0.9,92.4,3.1,,7.0
France,Paul Pogba,9.0,Manchester United,25.0,25(2),2151.0,6,10,5,1,2.8,85.3,1.9,4,7.48
France,Paul Pogba,187.0,Manchester United,25.0,3(2),279.0,,1,,,1,86.0,0.6,,6.83
France,Corentin Tolisso,56.0,Bayern Munich,23.0,17(9),1529.0,6,4,3,,1.6,90.4,0.8,1,6.99
France,Corentin Tolisso,88.0,Bayern Munich,23.0,6(2),497.0,3,2,2,,1.6,91.7,1.1,1,7.09
France,Ousmane Dembele,,,,,,,,,,,,,,
France,Nabil Fekir,8.0,Lyon,24.0,8,660.0,3,1,2,,2.5,85.9,0.3,3,7.73
France,Nabil Fekir,3.0,Lyon,24.0,28(2),2481.0,18,8,8,,3,85.3,0.7,12,7.86
France,Olivier Giroud,93.0,Arsenal,31.0,6,540.0,3,,,,4.2,64.7,2.3,,7.21
France,Antoine Griezmann,5.0,Atletico Madrid,27.0,7(1),631.0,6,2,,,3.6,78.8,0.5,3,7.91
France,Antoine Griezmann,13.0,Atletico Madrid,27.0,30(2),2530.0,19,9,7,1,2.3,77.6,0.8,8,7.38
France,Antoine Griezmann,140.0,Atletico Madrid,27.0,6,529.0,2,2,1,,3,84.1,0.5,1,6.98
France,Thomas Lemar,51.0,Monaco,22.0,27(3),2383.0,2,8,1,,1.6,84.8,0.2,1,7.1
France,Kylian Mbappe,5.0,Paris Saint Germain,19.0,24(3),2097.0,13,8,2,,2.9,83.1,0.3,7,7.54
France,Kylian Mbappe,10.0,Paris Saint Germain,19.0,8,658.0,4,3,1,,3,80.7,0.3,1,7.91
France,Florian Thauvin,183.0,Marseille,25.0,9(3),761.0,3,2,2,,1.7,74.7,0.6,,7.01
France,Florian Thauvin,2.0,Marseille,25.0,35,2966.0,22,11,7,,3.7,78.2,0.4,13,7.94
Australia, Brad Jones,,,,,,,,,,,,,,
Australia,Mat Ryan,177.0,Brighton,26.0,38,3420.0,,,,,,48.0,0.3,1,6.74
Australia,Danny Vukovic,,,,,,,,,,,,,,
Australia,Aziz Behich,132.0,Bursaspor,27.0,31,2788.0,5,2,7,,0.6,77.2,0.3,1,6.77
Australia,Milos Degenek,,,,,,,,,,,,,,
Australia,Matthew Jurman,,,,,,,,,,,,,,
Australia,James Meredith,158.0,Millwall,30.0,46,4009.0,,,3,,0.1,63.0,2,,6.84
Australia,Josh Risdon,,,,,,,,,,,,,,
Australia,Trent Sainsbury,,,,,,,,,,,,,,
Australia,Jackson Irvine,89.0,Hull,25.0,27(7),2460.0,2,6,6,,0.7,68.2,4.8,,6.98
Australia,Mile Jedinak,57.0,Aston Villa,33.0,20(8),1767.0,2,,3,,0.6,75.2,4.5,,7.08
Australia,Robbie Kruse,106.0,Bochum,29.0,29(1),2558.0,7,5,3,,1.4,77.1,0.6,3,6.89
Australia,Massimo Luongo,15.0,Queens Park Rangers,25.0,38(1),3389.0,6,3,10,,1.7,71.6,2.6,4,7.32
Australia,Mark Milligan,,,,,,,,,,,,,,
Australia,Aaron Mooy,114.0,Huddersfield,27.0,34(2),3071.0,4,3,5,,0.8,79.5,0.9,,6.86
Australia,Tom Rogic,,,,,,,,,,,,,,
Australia,Daniel Arzani,,,,,,,,,,,,,,
Australia,Tim Cahill,,,,,,,,,,,,,,
Australia,Tomi Juric,,,,,,,,,,,,,,
Australia,Mathew Leckie,69.0,Hertha Berlin,27.0,19(7),1854.0,5,1,3,,0.9,70.9,3.7,3,6.96
Australia,Andrew Nabbout,,,,,,,,,,,,,,
Australia,Dimitri Petratos,,,,,,,,,,,,,,
Australia,Jamie Maclaren,,,,,,,,,,,,,,
Peru,Carlos Caceda,,,,,,,,,,,,,,
Peru,Jose Carvallo,,,,,,,,,,,,,,
Peru,Pedro Gallese,,,,,,,,,,,,,,
Peru,Luis Advincula,,,,,,,,,,,,,,
Peru,Pedro Aquino,,,,,,,,,,,,,,
Peru,Miguel Araujo,,,,,,,,,,,,,,
Peru,Andre Carrillo,214.0,Watford,26.0,16(12),1537.0,1,2,2,,0.9,76.6,0.5,1,6.62
Peru,Wilder Cartagena,,,,,,,,,,,,,,
Peru,Aldo Corzo,,,,,,,,,,,,,,
Peru,Christian Cueva,,,,,,,,,,,,,,
Peru,Jefferson Farfan,180.0,Lokomotiv Moscow,33.0,8(1),583.0,4,1,,,2.1,83.0,1.2,,7.02
Peru,Jefferson Farfan,7.0,Lokomotiv Moscow,33.0,22,1953.0,10,4,3,,2.3,82.4,1.4,2,7.26
Peru,Edison Flores,,,,,,,,,,,,,,
Peru,Paolo Hurtado,364.0,Vitoria de Guimaraes,27.0,5,386.0,2,1,2,,0.8,80.7,0.6,,6.75
Peru,Paolo Hurtado,83.0,Vitoria de Guimaraes,27.0,21(4),1762.0,11,5,5,,1.8,78.6,0.8,2,6.84
Peru,Nilson Loyola,,,,,,,,,,,,,,
Peru,Andy Polo,,,,,,,,,,,,,,
Peru,Christian Ramos,,,,,,,,,,,,,,
Peru,Alberto Rodriguez,,,,,,,,,,,,,,
Peru,Raul Ruidiaz,,,,,,,,,,,,,,
Peru,Anderson Santamaria,,,,,,,,,,,,,,
Peru,Renato Tapia,361.0,Feyenoord,22.0,4,330.0,,,,,,85.9,,,6.43
Peru,Miguel Trauco,,,,,,,,,,,,,,
Peru,Yoshimar Yotun,,,,,,,,,,,,,,
Peru,Paolo Guerrero,,,,,,,,,,,,,,
Denmark,Kasper Schmeichel,220.0,Leicester,31.0,33,2966.0,,,3,,,49.6,0.4,3,6.61
Denmark,Jonas Lossl,238.0,Huddersfield,29.0,38,3420.0,,1,1,,,56.4,0.4,1,6.57
Denmark,Frederik Ronow,,,,,,,,,,,,,,
Denmark,Simon Kjaer,123.0,Sevilla,29.0,18(2),1572.0,2,,3,,0.5,84.4,2.2,,6.82
Denmark,Simon Kjaer,182.0,Sevilla,29.0,6,540.0,1,,,,0.7,83.8,1.5,,6.86
Denmark,Andreas Christensen,138.0,Chelsea,22.0,23(4),2071.0,,,,,0.4,93.4,2.1,,6.8
Denmark,Andreas Christensen,354.0,Chelsea,22.0,5(1),454.0,,,,,0.3,94.7,1,,6.45
Denmark,Mathias Jorgensen,,,,,,,,,,,,,,
Denmark,Jannik Vestergaard,79.0,Borussia M.Gladbach,25.0,32,2880.0,3,,5,,0.8,85.4,3.2,1,6.93
Denmark,Henrik Dalsgaard,90.0,Brentford,28.0,29,2541.0,1,3,4,,0.7,72.0,3.1,2,6.98
Denmark,Jens Stryger,,,,,,,,,,,,,,
Denmark,Jonas Knudsen,100.0,Ipswich,25.0,42,3780.0,1,7,10,,0.6,66.5,3.1,2,6.96
Denmark,William Kvist,453.0,FC Copenhagen,33.0,6(1),500.0,,,1,,0.7,84.8,1.6,,6.65
Denmark,Thomas Delaney,37.0,Werder Bremen,26.0,31(1),2796.0,3,4,5,,1.8,71.9,3.7,3,7.06
Denmark,Lukas Lerager,87.0,Bordeaux,24.0,37,3286.0,3,1,8,,1.1,77.1,2.7,,6.94
Denmark,Lasse Schone,11.0,Ajax,32.0,27(3),2350.0,10,3,6,,1.9,87.0,1.9,2,7.45
Denmark,Christian Eriksen,11.0,Tottenham,26.0,37,3226.0,10,10,,,2.6,82.4,0.5,4,7.4
Denmark,Christian Eriksen,95.0,Tottenham,26.0,6,535.0,2,1,,,3.3,83.1,0.5,,7.08
Denmark,Michael Krohn-Dehli,,,,,,,,,,,,,,
Denmark,Pione Sisto,69.0,Celta Vigo,23.0,31(3),2535.0,5,9,2,,1.5,84.2,,,6.96
Denmark,Martin Braithwaite,,,,,,,,,,,,,,
Denmark,Andreas Cornelius,484.0,Atalanta,25.0,0(4),25.0,2,,,,1.3,66.7,0.8,,6.62
Denmark,Andreas Cornelius,232.0,Atalanta,25.0,8(15),928.0,3,1,,,1.4,67.4,2.4,1,6.52
Denmark,Viktor Fischer,,,,,,,,,,,,,,
Denmark,Yussuf Poulsen,504.0,RasenBallsport Leipzig,23.0,2(3),215.0,,1,1,,0.6,59.1,5.8,,6.59
Denmark,Yussuf Poulsen,187.0,RasenBallsport Leipzig,23.0,18(12),1662.0,4,2,1,,1.3,62.9,3.3,,6.68
Denmark,Yussuf Poulsen,315.0,RasenBallsport Leipzig,23.0,2(2),200.0,,1,1,,0.5,68.8,4,,6.55
Denmark,Nicolai Jorgensen,,,,,,,,,,,,,,
Denmark,Kasper Dolberg,160.0,Ajax,20.0,11(12),1143.0,6,,,,2,78.1,0.5,,6.69
Argentina,Nahuel Guzm,,,,,,,,,,,,,,
Iceland, Hannes Thor Halldorsson,,,,,,,,,,,,,,
Iceland,Runar Alex Runarsson,,,,,,,,,,,,,,
Iceland,Frederik Schram,,,,,,,,,,,,,,
Iceland,Kari Arnason,,,,,,,,,,,,,,
Iceland,Ari Freyr Skulason,,,,,,,,,,,,,,
Iceland,Birkir Mar Saevarsson,,,,,,,,,,,,,,
Iceland,Sverrir Ingi Ingason,38.0,FC Rostov,24.0,28,2479.0,3,,4,,0.8,76.6,1.7,4,7.03
Iceland,Hordur Magnusson,,,,,,,,,,,,,,
Iceland,Holmar Orn Eyjolfsson,,,,,,,,,,,,,,
Iceland,Ragnar Sigurdsson,,,,,,,,,,,,,,
Iceland,Johann Berg Gudmundsson,60.0,Burnley,27.0,32(3),2840.0,2,8,2,,1.5,73.7,1.2,,7.02
Iceland,Birkir Bjarnason,295.0,Aston Villa,30.0,11(14),1100.0,3,2,1,,1,82.8,1.1,,6.61
Iceland,Arnor Ingvi Traustason,,,,,,,,,,,,,,
Iceland,Emil Hallfredsson,265.0,Udinese,33.0,8(11),761.0,,,5,,0.1,88.5,0.6,,6.39
Iceland,Gylfi Sigurdsson,385.0,Everton,28.0,3(1),303.0,,2,1,,1.5,80.0,1,,6.72
Iceland,Gylfi Sigurdsson,102.0,Everton,28.0,25(2),2262.0,4,3,2,,1.4,74.9,0.7,1,6.88
Iceland,Olafur Ingi Skulason,249.0,Karabukspor,35.0,12(4),1128.0,1,,4,,0.3,83.5,1.1,,6.28
Iceland,Rurik Gislason,,,,,,,,,,,,,,
Iceland,Samuel Fridjonsson,,,,,,,,,,,,,,
Iceland,Aron Gunnarsson,76.0,Cardiff,29.0,17(3),1500.0,1,1,3,,0.8,65.4,1.3,1,7.02
Iceland,Alfred Finnbogason,25.0,Augsburg,29.0,22,1826.0,12,3,2,,2.3,71.6,0.8,3,7.11
Iceland,Bjorn Bergmann Sigurdarson,,,,,,,,,,,,,,
Iceland,Jon Dadi Bodvarsson,311.0,Reading,26.0,20(13),1766.0,7,1,2,,1.5,61.9,2.8,3,6.55
Iceland,Albert Gudmundsson,,,,,,,,,,,,,,
Croatia,Danijel Subasic,233.0,Monaco,33.0,34,2941.0,,,3,,,63.7,0.3,,6.57
Croatia,Lovre Kalinic,,,,,,,,,,,,,,
Croatia,Dominik Livakovic,,,,,,,,,,,,,,
Croatia,Vedran Corluka,,,,,,,,,,,,,,
Croatia,Domagoj Vida,175.0,Dynamo Kyiv,29.0,4,350.0,,,,,1.3,80.0,3,,7.03
Croatia,Ivan Strinic,,,,,,,,,,,,,,
Croatia,Dejan Lovren,68.0,Liverpool,28.0,24(5),2125.0,2,1,4,,0.5,88.5,3.6,2,6.99
Croatia,Dejan Lovren,132.0,Liverpool,28.0,12,1050.0,,1,2,,0.5,84.1,3.1,,7.0
Croatia,Sime Vrsaljko,743.0,Atletico Madrid,26.0,2(2),146.0,,,1,1,,63.8,1,,6.13
Croatia,Sime Vrsaljko,39.0,Atletico Madrid,26.0,19(2),1697.0,,4,7,,0.2,74.8,2.1,,7.09
Croatia,Josip Pivaric,362.0,Dynamo Kyiv,29.0,8,720.0,,,1,,0.6,74.9,1.8,,6.75
Croatia,Tin Jedvaj,,,,,,,,,,,,,,
Croatia,Duje Caleta-Car,297.0,Salzburg,21.0,13,1200.0,,2,5,,0.5,82.6,3.1,,6.86
Croatia,Luka Modric,15.0,Real Madrid,32.0,23(3),1976.0,1,6,3,,1.3,89.9,0.3,,7.29
Croatia,Luka Modric,121.0,Real Madrid,32.0,11,958.0,1,1,2,,0.8,89.9,0.2,,7.02
Croatia,Ivan Rakitic,34.0,Barcelona,30.0,31(4),2839.0,1,5,4,,0.8,90.3,0.7,,7.12
Croatia,Ivan Rakitic,151.0,Barcelona,30.0,8(2),758.0,1,,1,,0.5,91.0,0.5,1,6.95
Croatia,Mateo Kovacic,159.0,Real Madrid,24.0,10(11),989.0,,1,2,,0.4,93.7,,2,6.73
Croatia,Mateo Kovacic,345.0,Real Madrid,24.0,4(3),258.0,,1,2,,0.1,90.7,0.1,,6.47
Croatia,Milan Badelj,35.0,Fiorentina,29.0,27,2355.0,2,1,8,1,1.2,83.2,0.9,1,7.12
Croatia,Marcelo Brozovic,27.0,Inter,25.0,21(10),1924.0,4,9,9,,1.5,87.9,0.7,3,7.2
Croatia,Filip Bradaric,538.0,Rijeka,26.0,5,450.0,,1,2,,0.8,83.5,0.2,,6.56
Croatia,Mario Mandzukic,32.0,Juventus,32.0,5(1),457.0,4,,2,,2.5,67.1,2.8,2,7.37
Croatia,Mario Mandzukic,57.0,Juventus,32.0,27(5),2327.0,5,3,3,1,1.6,75.8,2.5,1,7.01
Croatia,Ivan Perisic,14.0,Inter,29.0,37,3316.0,11,9,4,,3.1,75.4,1.8,5,7.35
Croatia,Nikola Kalinic,655.0,AC Milan,30.0,1(5),184.0,,1,,,0.7,85.1,0.2,,6.36
Croatia,Nikola Kalinic,197.0,AC Milan,30.0,20(11),1813.0,6,3,3,,1.6,80.1,1.5,1,6.63
Croatia,Andrej Kramaric,653.0,Hoffenheim,26.0,4,360.0,,,2,,3.3,78.2,0.3,,6.37
Croatia,Andrej Kramaric,45.0,Hoffenheim,26.0,22(12),2222.0,13,6,1,,2.4,80.0,0.2,2,7.02
Croatia,Marko Pjaca,,,,,,,,,,,,,,
Croatia,Ante Rebic,65.0,Eintracht Frankfurt,24.0,21(4),1764.0,6,2,8,,1.8,56.9,1.4,1,6.96
Nigeria,Ikechukwu Ezenwa,,,,,,,,,,,,,,
Nigeria,Daniel Akpeyi,,,,,,,,,,,,,,
Nigeria,Francis Uzoho,,,,,,,,,,,,,,
Nigeria,William Troost-Ekong,165.0,Bursaspor,24.0,26(1),2286.0,2,,,1,0.7,81.5,2.1,,6.67
Nigeria,Leon Balogun,,,,,,,,,,,,,,
Nigeria,Kenneth Omeruo,53.0,Kasimpasa,24.0,26(2),2407.0,1,,4,,0.5,81.2,2.2,,7.02
Nigeria,Bryan Idowu,,,,,,,,,,,,,,
Nigeria,Chidozie Awaziem,188.0,Nantes,21.0,16(6),1510.0,1,1,2,1,0.6,76.5,1.4,1,6.7
Nigeria,Abdullahi Shehu,,,,,,,,,,,,,,
Nigeria,Elderson Echiejile,,,,,,,,,,,,,,
Nigeria,Tyronne Ebuehi,117.0,ADO Den Haag,22.0,28,2375.0,,2,1,1,0.2,79.2,1.3,1,6.83
Nigeria,John Obi Mikel,32.0,Tianjin Teda,31.0,11,990.0,1,2,4,,0.6,83.8,2,,7.17
Nigeria,Ogenyi Onazi,155.0,Trabzonspor,25.0,17(4),1305.0,2,1,5,,0.5,82.3,0.6,,6.7
Nigeria,John Ogu,400.0,Hapoel Beer Sheva,30.0,4,256.0,,,,,1,84.2,0.5,,6.71
Nigeria,Wilfred Ndidi,32.0,Leicester,21.0,33,2899.0,,3,6,2,1.2,76.1,3.5,2,7.14
Nigeria,Oghenekaro Etebo,109.0,Feirense,22.0,18,1620.0,4,1,5,,2,77.0,0.7,,6.78
Nigeria,Joel Obi,92.0,Torino,27.0,16(6),1201.0,5,2,3,,0.7,81.7,1,1,6.89
Nigeria,Odion Ighalo,36.0,Changchun Yatai,28.0,11,990.0,7,,3,,3.5,72.8,1,2,7.12
Nigeria,Ahmed Musa,645.0,CSKA Moscow,25.0,6,513.0,1,,2,,2.5,66.7,,,6.38
Nigeria,Victor Moses,93.0,Chelsea,27.0,25(3),2119.0,3,3,3,,1.3,76.6,1,1,6.9
Nigeria,Victor Moses,272.0,Chelsea,27.0,4,337.0,,,,,0.8,75.7,0.5,,6.65
Nigeria,Alex Iwobi,317.0,Arsenal,22.0,3(3),335.0,,1,,,1.3,87.3,0.2,,6.83
Nigeria,Alex Iwobi,103.0,Arsenal,22.0,22(4),1844.0,3,5,1,,1.7,86.6,0.1,,6.88
Nigeria,Kelechi Iheanacho,263.0,Leicester,21.0,7(14),827.0,3,3,2,,1.4,79.3,0.3,,6.48
Nigeria,Simeon Nwankwo,,,,,,,,,,,,,,
Brazil,Alisson,180.0,Roma,25.0,12,1080.0,,,,,,80.4,0.3,,6.86
Brazil,Alisson,62.0,Roma,25.0,37,3330.0,,,1,,,78.9,0.2,1,6.99
Brazil,Ederson,194.0,Manchester City,24.0,37,3197.0,,,1,,,85.3,0.3,1,6.68
Brazil,Ederson,210.0,Manchester City,24.0,9,810.0,,,1,,,86.0,0.1,,6.79
Brazil,Cassio,39.0,Corinthians,31.0,5,450.0,,,,,,60.9,0.4,,7.22
Brazil,Cassio,78.0,Rio Ave,37.0,29,2610.0,,,3,,,77.2,0.5,2,6.85
Brazil,Danilo,138.0,Braga,22.0,6,509.0,,,1,,1,76.8,1.3,,7.11
Brazil,Danilo,91.0,Manchester City,26.0,13(10),1342.0,3,2,2,,0.8,89.9,0.7,2,6.91
Brazil,Danilo,55.0,Braga,22.0,15(16),1537.0,4,3,6,,1.2,81.8,1.1,2,6.98
Brazil,Danilo,227.0,Manchester City,26.0,4(2),368.0,,,2,,0.5,91.1,,,6.76
Brazil,Danilo,165.0,Udinese,34.0,32,2778.0,1,,8,,0.5,78.9,2.3,2,6.72
Brazil,Fagner,,,,,,,,,,,,,,
Brazil,Marcelo,110.0,Lyon,31.0,10,900.0,1,,2,,0.2,85.0,3.9,,7.19
Brazil,Marcelo,44.0,Real Madrid,30.0,26(2),2262.0,2,6,3,1,1.2,84.6,0.3,1,7.07
Brazil,Marcelo,25.0,Lyon,31.0,35,3107.0,3,1,5,1,0.6,87.6,4,1,7.18
Brazil,Marcelo,69.0,Rio Ave,28.0,30,2621.0,,,10,1,0.3,82.3,2,1,6.88
Brazil,Marcelo,46.0,Real Madrid,30.0,11,958.0,3,4,1,,0.9,82.5,0.5,,7.29
Brazil,Filipe Luis,9.0,Atletico Madrid,32.0,19(1),1660.0,1,2,4,,0.3,83.4,0.9,2,7.45
Brazil,Filipe Luis,37.0,Atletico Madrid,32.0,6,540.0,,,1,,1,85.7,1,,7.34
Brazil,Thiago Silva,55.0,Paris Saint Germain,33.0,24(1),2117.0,1,,5,,0.4,96.1,1.9,,7.08
Brazil,Thiago Silva,124.0,Paris Saint Germain,33.0,6,522.0,,,,,0.3,94.9,1.5,,7.01
Brazil,Marquinhos,126.0,America MG,28.0,3(2),256.0,1,1,,,1.2,71.2,0.4,,6.88
Brazil,Marquinhos,97.0,Paris Saint Germain,24.0,25(1),2264.0,,2,1,,0.5,93.9,1.6,1,6.91
Brazil,Marquinhos,127.0,Paris Saint Germain,24.0,8,720.0,,1,1,,0.3,94.2,2,,7.01
Brazil,Miranda,91.0,Inter,33.0,31,2729.0,,,8,,0.3,87.6,1.9,,6.89
Brazil,Pedro Geromel,,,,,,,,,,,,,,
Brazil,Casemiro,5.0,Real Madrid,26.0,30,2601.0,5,3,8,,1.1,88.4,2.1,1,7.49
Brazil,Casemiro,34.0,Real Madrid,26.0,11(1),945.0,1,,2,,0.6,91.3,0.8,2,7.36
Brazil,Fernandinho,12.0,Chongqing Lifan,32.0,9,809.0,2,4,,,2.6,75.4,1.4,1,7.69
Brazil,Fernandinho,18.0,Chongqing Lifan,25.0,9,810.0,1,3,,,2.1,73.2,0.2,2,7.48
Brazil,Fernandinho,10.0,Manchester City,33.0,33(1),2885.0,5,3,7,,1.4,90.1,2.8,1,7.44
Brazil,Fernandinho,150.0,Manchester City,33.0,8,682.0,,,2,,1,89.9,2.6,,6.96
Brazil,Paulinho,534.0,Braga,25.0,6(1),521.0,,1,2,,1.3,67.0,1.4,,6.56
Brazil,Paulinho,99.0,Barcelona,29.0,21(13),1941.0,9,2,2,,1.3,87.8,0.9,,6.87
Brazil,Paulinho,36.0,Portimonense,23.0,18(1),1570.0,2,5,3,,1.8,81.9,0.1,1,7.15
Brazil,Paulinho,42.0,Braga,25.0,22(8),2123.0,13,3,2,,2.3,68.1,1.5,4,7.09
Brazil,Paulinho,162.0,Chaves,26.0,33,2960.0,,3,7,,0.6,81.1,0.6,,6.63
Brazil,Paulinho,332.0,Barcelona,29.0,4(5),402.0,,,1,,1.3,92.2,0.7,,6.5
Brazil,Fred,55.0,Shakhtar Donetsk,25.0,8,720.0,1,1,2,,1.6,85.9,0.1,2,7.25
Brazil,Renato Augusto,3.0,Beijing Guoan,30.0,9,810.0,2,5,1,,1.6,81.7,0.3,4,8.15
Brazil,Philippe Coutinho,,,,,,,,,,,,,,
Brazil,Willian,32.0,Palmeiras,31.0,6(3),550.0,6,,1,,2.9,80.0,,2,7.27
Brazil,Willian,66.0,Chelsea,29.0,20(16),1883.0,6,7,1,,1.5,80.2,0.3,4,7.01
Brazil,Willian,29.0,Chelsea,29.0,4(4),429.0,3,1,1,,1.8,72.5,0.3,3,7.39
Brazil,Douglas Costa,154.0,Juventus,27.0,8(2),719.0,,1,1,,0.6,80.0,0.2,,6.94
Brazil,Douglas Costa,7.0,Juventus,27.0,18(13),1793.0,4,12,1,,1.2,84.0,0.2,4,7.45
Brazil,Neymar,1.0,Paris Saint Germain,26.0,20,1788.0,19,13,4,1,4.5,79.6,0.2,12,8.95
Brazil,Neymar,1.0,Paris Saint Germain,26.0,7,630.0,6,3,2,,4,77.9,,4,9.11
Brazil,Taison,155.0,Shakhtar Donetsk,30.0,8,720.0,1,,2,,2.1,84.8,0.4,,6.94
Brazil,Gabriel Jesus,54.0,Manchester City,21.0,19(10),1673.0,13,3,6,,1.9,79.7,0.7,1,7.05
Brazil,Gabriel Jesus,195.0,Manchester City,21.0,7(2),618.0,4,,2,,1.2,78.0,0.6,,6.81
Brazil,Roberto Firmino,12.0,Liverpool,26.0,32(5),2778.0,15,7,1,,2.3,72.6,1.2,3,7.39
Brazil,Roberto Firmino,7.0,Liverpool,26.0,13,1056.0,10,7,2,,3.2,74.6,2.4,1,7.98
Switzerland,Roman Buerki,,,,,,,,,,,,,,
Switzerland,Yvon Mvogo,,,,,,,,,,,,,,
Switzerland,Yann Sommer,130.0,Borussia M.Gladbach,29.0,30,2627.0,,,1,,,69.9,0.3,,6.79
Switzerland,Manuel Akanji,64.0,FC Basel 1893,22.0,6,540.0,,1,2,,0.2,81.1,2.5,1,7.2
Switzerland,Johan Djourou,133.0,Antalyaspor,31.0,17(1),1515.0,1,,3,,0.2,88.7,1.9,,6.77
Switzerland,Nico Elvedi,87.0,Borussia M.Gladbach,21.0,33,2916.0,2,2,6,,0.5,83.5,2.8,,6.92
Switzerland,Michael Lang,59.0,FC Basel 1893,27.0,8,720.0,3,1,1,,1,68.8,0.9,1,7.23
Switzerland,Stephan Lichtsteiner,217.0,Juventus,34.0,21(6),1715.0,,2,6,,0.1,82.2,0.9,,6.59
Switzerland,Jacques-Francois Moubandje,,,,,,,,,,,,,,
Switzerland,Ricardo Rodriguez,151.0,AC Milan,25.0,6(1),545.0,2,2,,,0.7,89.3,2,1,7.08
Switzerland,Ricardo Rodriguez,173.0,AC Milan,25.0,34,3006.0,1,,3,1,0.9,87.6,1,,6.7
Switzerland,Fabian Schaer,,,,,,,,,,,,,,
Switzerland,Valon Behrami,140.0,Udinese,33.0,18(2),1407.0,1,1,5,,0.5,82.3,0.9,,6.77
Switzerland,Blerim Dzemaili,,,,,,,,,,,,,,
Switzerland,Gelson Fernandes,221.0,Eintracht Frankfurt,31.0,12(7),1036.0,,,4,,0.1,81.7,0.4,,6.56
Switzerland,Remo Freuler,18.0,Atalanta,26.0,8,720.0,1,1,1,,1,87.8,1.3,,7.58
Switzerland,Remo Freuler,44.0,Atalanta,26.0,33(2),3006.0,5,3,4,1,1.3,88.1,0.8,3,7.08
Switzerland,Xherdan Shaqiri,110.0,Stoke,26.0,36,3049.0,8,7,5,,1.9,79.5,0.1,2,6.87
Switzerland,Granit Xhaka,31.0,Arsenal,25.0,5(1),495.0,1,,1,,1.2,91.2,1.5,,7.47
Switzerland,Granit Xhaka,62.0,Arsenal,25.0,37(1),3266.0,1,7,10,,1.7,86.9,1.3,,7.02
Switzerland,Steven Zuber,585.0,Hoffenheim,26.0,3(1),233.0,,,,,1,82.3,0.3,,6.49
Switzerland,Steven Zuber,173.0,Hoffenheim,26.0,17(3),1441.0,1,2,2,,0.8,83.4,0.3,,6.7
Switzerland,Denis Zakaria,160.0,Borussia M.Gladbach,21.0,29(1),2308.0,2,1,11,,0.7,89.3,0.6,,6.73
Switzerland,Josip Drmic,,,,,,,,,,,,,,
Switzerland,Breel Embolo,242.0,Schalke 04,21.0,9(12),916.0,3,,4,,0.9,74.3,0.8,,6.49
Switzerland,Mario Gavranovic,82.0,Rijeka,28.0,4,311.0,3,,2,,1,61.7,1,1,7.24
Switzerland,Haris Seferovic,187.0,Benfica,26.0,9(11),832.0,4,2,1,,1.5,72.5,0.5,,6.54
Switzerland,Haris Seferovic,405.0,Benfica,26.0,2(2),219.0,1,,1,,2,74.0,1,,6.31
Costa Rica,Keylor Navas,75.0,Real Madrid,31.0,27,2430.0,,,1,,,76.0,0.1,1,6.94
Costa Rica,Keylor Navas,178.0,Real Madrid,31.0,11,990.0,,,,,,65.2,0.4,1,6.86
Costa Rica,Patrick Pemberton,,,,,,,,,,,,,,
Costa Rica,Leonel Moreira,,,,,,,,,,,,,,
Costa Rica,Cristian Gamboa,,,,,,,,,,,,,,
Costa Rica,Ian Smith,,,,,,,,,,,,,,
Costa Rica,Ronald Matarrita,267.0,New York City FC,23.0,4(5),341.0,1,,1,,0.7,81.6,0.1,,6.43
Costa Rica,Bryan Oviedo,73.0,Sunderland,28.0,31(3),2605.0,2,4,9,,0.7,73.1,0.7,3,7.03
Costa Rica,Oscar Duarte,,,,,,,,,,,,,,
Costa Rica,Giancarlo Gonzalez,200.0,Bologna,30.0,22,1858.0,,,4,2,,80.6,2.4,,6.63
Costa Rica,Francisco Calvo,169.0,Minnesota United,25.0,12,1080.0,,,4,,0.8,83.1,2.6,,6.78
Costa Rica,Kendall Waston,164.0,Vancouver Whitecaps,30.0,13,1093.0,1,1,4,1,1.4,77.7,2.8,1,6.79
Costa Rica,Johnny Acosta,,,,,,,,,,,,,,
Costa Rica,David Guzman,,,,,,,,,,,,,,
Costa Rica,Yeltsin Tejeda,,,,,,,,,,,,,,
Costa Rica,Celso Borges,96.0,Deportivo La Coruna,30.0,26(6),2307.0,3,3,3,1,1,78.1,3.7,1,6.89
Costa Rica,Randall Azofeifa,,,,,,,,,,,,,,
Costa Rica,Rodney Wallace,263.0,New York City FC,29.0,4(4),419.0,,1,1,,1.1,78.6,0.8,,6.46
Costa Rica,Bryan Ruiz,187.0,Sporting CP,32.0,6,488.0,,1,1,,1.7,84.4,0.3,,7.01
Costa Rica,Bryan Ruiz,126.0,Sporting CP,32.0,11(9),1015.0,2,1,2,,0.8,82.1,0.8,1,6.73
Costa Rica,Daniel Colindres,,,,,,,,,,,,,,
Costa Rica,Christian Bolanos,,,,,,,,,,,,,,
Costa Rica,Johan Venegas,,,,,,,,,,,,,,
Costa Rica,Joel Campbell,,,,,,,,,,,,,,
Costa Rica,Marco Urena,,,,,,,,,,,,,,
Serbia,Vladimir Stojkovic,366.0,Partizan Belgrade,34.0,8,720.0,,,,,,44.4,0.9,,6.75
Serbia,Predrag Rajkovic,675.0,Maccabi Tel Aviv,22.0,6,540.0,,,,,,64.0,0.3,1,6.33
Serbia,Marko Dmitrovic,239.0,Eibar,26.0,36,3240.0,,,1,,,45.8,0.4,,6.54
Serbia,Aleksandar Kolarov,40.0,Roma,32.0,12,1080.0,1,3,1,,1.3,80.3,1.5,,7.32
Serbia,Aleksandar Kolarov,4.0,Roma,32.0,34(1),3061.0,2,8,3,,1.8,81.2,1.5,6,7.52
Serbia,Antonio Rukavina,,,,,,,,,,,,,,
Serbia,Milan Rodic,201.0,FK Crvena Zvezda,27.0,6,530.0,,1,1,1,0.8,73.2,3.2,1,7.0
Serbia,Branislav Ivanovic,40.0,Zenit St. Petersburg,34.0,7,615.0,3,2,,,0.7,81.8,1.6,1,7.42
Serbia,Branislav Ivanovic,33.0,Zenit St. Petersburg,34.0,27,2358.0,2,1,1,,0.9,82.2,2.2,2,7.06
Serbia,Uros Spajic,313.0,Anderlecht,25.0,5,363.0,,,1,,0.2,84.4,1.2,,6.55
Serbia,Milos Veljkovic,194.0,Werder Bremen,22.0,30,2656.0,1,,2,,0.2,77.5,2,,6.64
Serbia,Dusko Tosic,71.0,Besiktas,33.0,25,2174.0,5,1,7,3,0.5,83.0,2.5,2,6.94
Serbia,Dusko Tosic,135.0,Besiktas,33.0,6(1),508.0,,,2,,0.3,71.4,1.6,,6.99
Serbia,Nikola Milenkovic,,,,,,,,,,,,,,
Serbia,Nemanja Matic,28.0,Manchester United,29.0,35(1),3119.0,1,1,6,,0.5,87.7,1.6,,7.2
Serbia,Nemanja Matic,45.0,Manchester United,29.0,6(1),564.0,,,,,0.4,89.2,1.4,1,7.29
Serbia,Luka Milivojevic,64.0,Crystal Palace,27.0,35(1),3082.0,10,1,8,,1.2,80.2,1.4,1,7.01
Serbia,Marko Grujic,,,,,,,,,,,,,,
Serbia,Dusan Tadic,150.0,Southampton,29.0,34(2),2813.0,6,3,4,,1.1,74.8,0.2,2,6.78
Serbia,Andrija Zivkovic,27.0,Benfica,21.0,17(4),1543.0,3,4,4,1,1.4,82.2,0.2,3,7.22
Serbia,Andrija Zivkovic,261.0,Benfica,21.0,3(2),292.0,,1,1,,1.4,82.9,0.2,1,6.67
Serbia,Filip Kostic,183.0,Hamburger SV,25.0,27(3),2413.0,5,1,2,,2.2,64.6,1,2,6.68
Serbia,Nemanja Radonjic,307.0,FK Crvena Zvezda,22.0,6,490.0,1,,,,2.5,65.3,0.3,,6.84
Serbia,Sergej Milinkovic-Savic,126.0,Lazio,23.0,5(3),525.0,2,3,3,,1.6,74.1,2.4,1,7.15
Serbia,Sergej Milinkovic-Savic,12.0,Lazio,23.0,33(2),2850.0,12,3,8,,2.6,79.9,2.9,7,7.39
Serbia,Adem Ljajic,24.0,Torino,26.0,23(4),2155.0,6,10,2,,2.3,82.1,,4,7.21
Serbia,Aleksandar Mitrovic,4.0,Fulham,23.0,18(2),1653.0,12,1,3,,4.1,77.1,4.1,6,7.52
Serbia,Aleksandar Prijovic,,,,,,,,,,,,,,
Serbia,Luka Jovic,216.0,Eintracht Frankfurt,20.0,9(13),929.0,8,1,2,,1.7,73.6,1,,6.57
Germany,Manuel Neuer,,,,,,,,,,,,,,
Germany,Marc-Andre ter Stegen,89.0,Barcelona,26.0,37,3330.0,,,,,,79.5,0.1,,6.9
Germany,Marc-Andre ter Stegen,225.0,Barcelona,26.0,9,810.0,,,,,,74.5,0.2,,6.76
Germany,Kevin Trapp,,,,,,,,,,,,,,
Germany,Jerome Boateng,21.0,Bayern Munich,29.0,19,1644.0,1,2,4,,0.7,86.9,1.7,1,7.14
Germany,Jerome Boateng,215.0,Bayern Munich,29.0,8(1),677.0,,1,2,,0.2,84.5,1.3,,6.78
Germany,Matthias Ginter,85.0,Borussia M.Gladbach,24.0,34,3060.0,5,2,2,,0.9,87.1,2.9,1,6.92
Germany,Jonas Hector,47.0,FC Cologne,28.0,20,1761.0,2,2,4,,0.8,81.8,2.6,1,7.0
Germany,Mats Hummels,12.0,Bayern Munich,29.0,25(1),2213.0,1,1,3,,1,87.3,2.8,1,7.27
Germany,Mats Hummels,69.0,Bayern Munich,29.0,8(1),679.0,1,,1,,2.1,84.8,3,,7.18
Germany,Joshua Kimmich,15.0,Bayern Munich,23.0,26(3),2334.0,1,10,1,,0.3,90.3,0.8,1,7.23
Germany,Joshua Kimmich,38.0,Bayern Munich,23.0,10(1),897.0,4,3,2,,0.6,91.6,0.6,1,7.33
Germany,Marvin Plattenhardt,106.0,Hertha Berlin,26.0,33,2970.0,,7,6,,0.5,81.6,1,,6.85
Germany,Antonio Rudiger,87.0,Chelsea,25.0,25(2),2336.0,2,1,4,,0.6,89.5,2.2,1,6.92
Germany,Antonio Rudiger,398.0,Chelsea,25.0,4(2),389.0,,,1,,0.7,89.4,1.3,,6.32
Germany,Niklas Sule,92.0,Bayern Munich,22.0,20(7),1919.0,2,1,1,,0.7,92.7,1.6,1,6.9
Germany,Niklas Sule,317.0,Bayern Munich,22.0,6(3),644.0,,,,,0.7,94.1,0.9,,6.55
Germany,Julian Brandt,63.0,Bayer Leverkusen,22.0,26(8),2337.0,9,3,,,1.3,79.0,0.6,1,6.98
Germany,Julian Draxler,61.0,Paris Saint Germain,24.0,19(11),1706.0,4,5,1,,0.8,92.8,0.3,,7.04
Germany,Julian Draxler,281.0,Paris Saint Germain,24.0,3(5),316.0,,1,1,,0.5,91.7,0.4,,6.64
Germany,Mario Gomez,,,,,,,,,,,,,,
Germany,Leon Goretzka,43.0,Schalke 04,23.0,21(5),1983.0,4,2,3,,1.7,79.8,1.3,1,7.03
Germany,Ilkay Gundogan,180.0,Manchester City,27.0,15(15),1510.0,4,1,3,,1.2,91.7,0.1,,6.73
Germany,Ilkay Gundogan,103.0,Manchester City,27.0,6(3),503.0,2,2,2,,1.4,90.9,0.1,1,7.07
Germany,Sami Khedira,240.0,Juventus,31.0,8,633.0,,3,,,0.6,86.7,1,,6.73
Germany,Sami Khedira,85.0,Juventus,31.0,24(2),1922.0,9,2,1,,1.2,87.2,0.7,1,6.91
Germany,Toni Kroos,8.0,Real Madrid,28.0,26(1),2268.0,5,7,4,,1.5,93.1,0.4,,7.47
Germany,Toni Kroos,123.0,Real Madrid,28.0,10(2),953.0,,1,,,0.7,93.9,0.2,,7.01
Germany,Thomas Muller,11.0,Bayern Munich,28.0,22(7),1966.0,8,14,4,,1.5,76.9,1.2,1,7.28
Germany,Thomas Muller,105.0,Bayern Munich,28.0,8(2),734.0,3,2,1,,2.3,74.1,1.8,,7.06
Germany,Mesut Ozil,12.0,Arsenal,29.0,7,609.0,1,4,,,1,86.4,,1,7.7
Germany,Mesut Ozil,23.0,Arsenal,29.0,24(2),2164.0,4,8,4,,1.5,86.5,,2,7.25
Germany,Marco Reus,742.0,Borussia Dortmund,29.0,3(1),229.0,,,,,0.8,79.1,0.3,,6.13
Germany,Sebastian Rudy,109.0,Bayern Munich,28.0,16(9),1509.0,1,4,2,,0.8,89.9,0.8,,6.84
Germany,Sebastian Rudy,200.0,Bayern Munich,28.0,3(2),346.0,,,2,,1,92.4,0.6,,6.8
Germany,Timo Werner,30.0,RasenBallsport Leipzig,22.0,5,445.0,4,2,,,3.8,79.0,,1,7.48
Germany,Timo Werner,94.0,RasenBallsport Leipzig,22.0,28(4),2493.0,13,7,1,,3,75.2,0.5,2,6.9
Germany,Timo Werner,208.0,RasenBallsport Leipzig,22.0,4(2),331.0,3,,,,2,65.8,0.2,,6.79
Mexico,Jesus Corona,,,,,,,,,,,,,,
Mexico,Alfredo Talavera,,,,,,,,,,,,,,
Mexico,Guillermo Ochoa,,,,,,,,,,,,,,
Mexico,Hugo Ayala,,,,,,,,,,,,,,
Mexico,Carlos Salcedo,184.0,Eintracht Frankfurt,24.0,17(3),1608.0,,,5,,0.3,80.3,2.4,,6.68
Mexico,Diego Reyes,367.0,FC Porto,25.0,2(4),234.0,,,,,,89.1,1,,6.41
Mexico,Miguel Layun,,,,,,,,,,,,,,
Mexico,Hector Moreno,,,,,,,,,,,,,,
Mexico,Edson Alvarez,,,,,,,,,,,,,,
Mexico,Rafael Marquez,,,,,,,,,,,,,,
Mexico,Jonathan dos Santos,137.0,LA Galaxy,28.0,7(1),622.0,1,,2,,0.6,88.0,0.1,,6.88
Mexico,Marco Fabian,,,,,,,,,,,,,,
Mexico,Giovani dos Santos,,,,,,,,,,,,,,
Mexico,Hector Herrera,8.0,FC Porto,28.0,26(3),2335.0,3,4,7,,1.3,84.7,2.2,1,7.5
Mexico,Hector Herrera,90.0,FC Porto,28.0,6,531.0,1,1,1,,1.2,82.9,1.8,,7.09
Mexico,Andres Guardado,83.0,Real Betis,31.0,25(4),2267.0,2,8,7,,1.1,86.5,0.6,2,6.91
Mexico,Raul Jimenez,177.0,Benfica,27.0,6(27),970.0,6,6,3,,1.5,68.7,1.5,1,6.59
Mexico,Raul Jimenez,357.0,Benfica,27.0,3(2),308.0,,,,,1.8,67.3,2.8,,6.44
Mexico,Carlos Vela,2.0,Los Angeles FC,29.0,12,1080.0,7,2,1,,3.9,83.4,0.3,4,7.82
Mexico,Javier Hernandez,,,,,,,,,,,,,,
Mexico,Jesus Corona,,,,,,,,,,,,,,
Mexico,Oribe Peralta,,,,,,,,,,,,,,
Mexico,Javier Aquino,,,,,,,,,,,,,,
Mexico,Hirving Lozano,3.0,PSV Eindhoven,22.0,29,2350.0,17,8,4,2,3.4,75.3,0.6,8,7.9
Sweden,Robin Olsen,270.0,FC Copenhagen,28.0,6,540.0,,,,,,62.9,,,6.9
Sweden,Karl-Johan Johnsson,198.0,Guingamp,28.0,38,3420.0,,,,,,58.6,0.4,1,6.68
Sweden,Kristoffer Nordfeldt,,,,,,,,,,,,,,
Sweden,Mikael Lustig,241.0,Celtic,31.0,6,463.0,,,,,0.3,86.1,1.8,1,6.72
Sweden,Victor Lindelof,138.0,Manchester United,23.0,5,450.0,,,,,,90.3,1.2,,6.98
Sweden,Andreas Granqvist,18.0,FC Krasnodar,33.0,29,2610.0,1,2,6,,0.3,87.0,2.8,2,7.16
Sweden,Martin Olsson,281.0,Swansea,30.0,36,3154.0,,1,7,,0.5,73.5,1.3,,6.32
Sweden,Ludwig Augustinsson,154.0,Werder Bremen,24.0,29,2535.0,1,,3,,0.8,78.1,1.5,,6.73
Sweden,Filip Helander,172.0,Bologna,25.0,27(2),2499.0,,,5,,0.1,81.4,2.1,,6.7
Sweden,Emil Krafth,,,,,,,,,,,,,,
Sweden,Pontus Jansson,45.0,Leeds,27.0,41(1),3560.0,3,,13,,0.6,83.2,3.9,3,7.12
Sweden,Sebastian Larsson,232.0,Hull,33.0,37(3),3246.0,2,4,13,,0.9,79.3,0.5,,6.7
Sweden,Albin Ekdal,207.0,Hamburger SV,28.0,12(7),1109.0,,1,3,,0.4,76.3,1.6,,6.61
Sweden,Emil Forsberg,277.0,RasenBallsport Leipzig,26.0,3(3),326.0,,2,,,0.8,78.9,0.2,1,6.89
Sweden,Emil Forsberg,110.0,RasenBallsport Leipzig,26.0,15(6),1374.0,2,2,,1,1.7,79.7,0.3,1,6.84
Sweden,Emil Forsberg,80.0,RasenBallsport Leipzig,26.0,5,412.0,2,,,,2.4,79.9,0.6,,7.11
Sweden,Gustav Svensson,59.0,Seattle Sounders FC,31.0,9,810.0,1,,1,,0.8,85.5,1.9,,7.11
Sweden,Oscar Hiljemark,,,,,,,,,,,,,,
Sweden,Viktor Claesson,23.0,FC Krasnodar,26.0,28(2),2490.0,10,6,1,,2.3,80.4,0.9,4,7.12
Sweden,Marcus Rohden,269.0,Crotone,27.0,20(6),1637.0,2,,2,,0.8,67.6,0.8,,6.35
Sweden,Jimmy Durmaz,216.0,Toulouse,29.0,12(8),1032.0,3,3,5,,0.7,72.9,0.5,1,6.61
Sweden,Marcus Berg,,,,,,,,,,,,,,
Sweden,John Guidetti,,,,,,,,,,,,,,
Sweden,Ola Toivonen,293.0,Toulouse,31.0,8(15),796.0,,,2,,0.8,71.5,1.9,,6.27
Sweden,Isaac Kiese Thelin,,,,,,,,,,,,,,
South Korea,Kim Seunggyu,,,,,,,,,,,,,,
South Korea,Kim Jinhyeon,,,,,,,,,,,,,,
South Korea,Cho Hyeonwoo,,,,,,,,,,,,,,
South Korea,Kim Younggwon,,,,,,,,,,,,,,
South Korea,Jang Hyunsoo,,,,,,,,,,,,,,
South Korea,Jeong Seunghyeon,,,,,,,,,,,,,,
South Korea,Yun Yeongseon,,,,,,,,,,,,,,
South Korea,Oh Bansuk,,,,,,,,,,,,,,
South Korea,Kim Minwoo,,,,,,,,,,,,,,
South Korea,Park Jooho,,,,,,,,,,,,,,
South Korea,Hong Chul,,,,,,,,,,,,,,
South Korea,Go Yohan,,,,,,,,,,,,,,
South Korea,Lee Yong,,,,,,,,,,,,,,
South Korea,Ki Sungyueng,,,,,,,,,,,,,,
South Korea,Jeong Wooyoung,,,,,,,,,,,,,,
South Korea,Ju Sejong,,,,,,,,,,,,,,
South Korea,Koo Jacheol,,,,,,,,,,,,,,
South Korea,Lee Jaesung,,,,,,,,,,,,,,
South Korea,Lee Seungwoo,,,,,,,,,,,,,,
South Korea,Moon Sunmin,,,,,,,,,,,,,,
South Korea,Kim Shinwook,,,,,,,,,,,,,,
South Korea,Son Heungmin,,,,,,,,,,,,,,
South Korea,Hwang Heechan,,,,,,,,,,,,,,
Belgium,Koen Casteels,86.0,Wolfsburg,25.0,34,3060.0,,,1,,,60.7,0.6,2,6.92
Belgium,Thibaut Courtois,211.0,Chelsea,26.0,35,3150.0,,,2,,,70.4,0.1,,6.63
Belgium,Thibaut Courtois,348.0,Chelsea,26.0,8,720.0,,1,,,,62.7,,,6.46
Belgium,Simon Mignolet,261.0,Liverpool,30.0,19,1710.0,,,3,,,69.5,0.2,,6.49
Belgium,Toby Alderweireld,134.0,Tottenham,29.0,4,294.0,,1,,,0.5,81.3,1.3,,7.0
Belgium,Dedryck Boyata,275.0,Celtic,27.0,5,450.0,,,,,,91.4,1.4,,6.65
Belgium,Vincent Kompany,,,,,,,,,,,,,,
Belgium,Thomas Meunier,54.0,Paris Saint Germain,26.0,16(8),1573.0,4,4,3,,0.5,84.8,1,,7.09
Belgium,Thomas Vermaelen,,,,,,,,,,,,,,
Belgium,Jan Vertonghen,22.0,Tottenham,31.0,36,3205.0,,,4,,0.7,86.3,3.3,3,7.26
Belgium,Jan Vertonghen,231.0,Tottenham,31.0,6,540.0,,1,1,1,0.3,86.5,2,,6.75
Belgium,Nacer Chadli,,,,,,,,,,,,,,
Belgium,Kevin De Bruyne,2.0,Manchester City,26.0,36(1),3085.0,8,16,2,,2.5,83.4,0.4,8,7.8
Belgium,Kevin De Bruyne,18.0,Manchester City,26.0,8,667.0,1,4,4,,2.1,82.8,0.8,2,7.66
Belgium,Mousa Dembele,94.0,Tottenham,30.0,21(7),1886.0,,,6,,0.4,92.2,0.3,,6.9
Belgium,Mousa Dembele,268.0,Tottenham,30.0,3(3),328.0,,,2,,,92.7,0.2,,6.66
Belgium,Leander Dendoncker,446.0,Anderlecht,23.0,6,540.0,,,1,,0.5,89.6,0.8,,6.1
Belgium,Marouane Fellaini,,,,,,,,,,,,,,
Belgium,Youri Tielemans,123.0,Monaco,21.0,18(9),1567.0,,1,1,,0.9,81.8,1,,6.84
Belgium,Youri Tielemans,207.0,Monaco,21.0,4,311.0,1,,1,,1.3,76.1,1.8,,6.79
Belgium,Axel Witsel,60.0,Tianjin Quanjian,29.0,9,805.0,1,,,,0.6,86.8,2.4,1,6.95
Belgium,Michy Batshuayi,249.0,Borussia Dortmund,24.0,4,331.0,2,,1,,2.8,73.8,1.3,,6.93
Belgium,Michy Batshuayi,191.0,Chelsea,24.0,1(3),123.0,2,,,,1.3,82.9,0.5,,6.82
Belgium,Yannick Carrasco,33.0,Dalian Yifang,24.0,11,990.0,3,2,2,,3.5,81.7,0.2,1,7.16
Belgium,Yannick Carrasco,370.0,Atletico Madrid,24.0,3(2),269.0,,,,,1.8,80.5,,,6.4
Belgium,Eden Hazard,4.0,Chelsea,27.0,28(6),2433.0,12,4,2,,2.1,83.6,0.2,9,7.69
Belgium,Eden Hazard,14.0,Chelsea,27.0,7(1),611.0,3,3,,,2.8,77.6,0.5,2,7.72
Belgium,Thorgan Hazard,26.0,Borussia M.Gladbach,25.0,33(1),2947.0,10,5,1,,2.6,76.3,0.9,3,7.11
Belgium,Adnan Januzaj,34.0,Real Sociedad,23.0,3(3),368.0,1,1,,,3.3,82.4,0.5,1,7.46
Belgium,Adnan Januzaj,103.0,Real Sociedad,23.0,18(10),1580.0,3,5,4,,2.1,80.5,0.2,4,6.86
Belgium,Romelu Lukaku,17.0,Manchester United,25.0,33(1),2869.0,16,7,4,,2.5,68.4,3.2,2,7.29
Belgium,Romelu Lukaku,16.0,Manchester United,25.0,8,704.0,5,,,,3.3,70.3,4.5,2,7.7
Belgium,Dries Mertens,65.0,Napoli,31.0,5(1),481.0,2,3,3,,2.8,69.6,0.3,2,7.2
Belgium,Dries Mertens,25.0,Napoli,31.0,35(3),3013.0,18,6,4,,3.4,75.5,0.1,7,7.21
Panama,Jose Calderon,,,,,,,,,,,,,,
Panama,Jaime Penedo,,,,,,,,,,,,,,
Panama,Alex Rodr,,,,,,,,,,,,,,
Tunisia,Farouk Ben Mustapha,,,,,,,,,,,,,,
Tunisia,Moez Hassen,,,,,,,,,,,,,,
Tunisia,Aymen Mathlouthi,,,,,,,,,,,,,,
Tunisia,Rami Bedoui,,,,,,,,,,,,,,
Tunisia,Yohan Benalouane,,,,,,,,,,,,,,
Tunisia,Syam Ben Youssef,138.0,Kasimpasa,29.0,24(2),2146.0,1,,7,,0.3,84.6,2,1,6.75
Tunisia,Dylan Bronn,,,,,,,,,,,,,,
Tunisia,Oussama Haddadi,252.0,Dijon,26.0,27(6),2501.0,1,1,6,1,0.2,78.0,0.5,,6.5
Tunisia,Ali Maaloul,,,,,,,,,,,,,,
Tunisia,Yassine Meriah,,,,,,,,,,,,,,
Tunisia,Hamdi Nagguez,,,,,,,,,,,,,,
Tunisia,Anice Badri,,,,,,,,,,,,,,
Tunisia,Mohamed Amine Ben Amor,,,,,,,,,,,,,,
Tunisia,Ghaylene Chaalali,,,,,,,,,,,,,,
Tunisia,Ahmed Khalil,,,,,,,,,,,,,,
Tunisia,Saifeddine Khaoui,,,,,,,,,,,,,,
Tunisia,Ferjani Sassi,,,,,,,,,,,,,,
Tunisia,Ellyes Skhiri,37.0,Montpellier,23.0,35,3052.0,4,1,8,,1.1,86.2,1,2,7.13
Tunisia,Naim Sliti,16.0,Dijon,25.0,26(5),2297.0,7,6,2,,1.9,73.1,0.5,3,7.31
Tunisia,Bassem Srarfi,507.0,Nice,20.0,1(3),97.0,,1,1,,0.5,88.1,,,6.59
Tunisia,Bassem Srarfi,275.0,Nice,20.0,10(16),865.0,3,,1,,0.9,84.3,0.2,,6.41
Tunisia,Fakhreddine Ben Youssef,,,,,,,,,,,,,,
Tunisia,Saber Khalifa,,,,,,,,,,,,,,
Tunisia,Wahbi Khazri,68.0,Rennes,27.0,23(1),1927.0,9,2,7,1,2.7,77.6,0.7,3,7.0
England,Jack Butland,158.0,Stoke,25.0,35,3150.0,,,,,,46.1,0.2,2,6.76
England,Nick Pope,83.0,Burnley,26.0,34(1),3114.0,,,3,,,39.0,0.3,,6.93
England,Jordan Pickford,210.0,Everton,24.0,38,3420.0,,,,,,44.5,0.5,,6.63
England,Fabian Delph,31.0,Manchester City,28.0,21(1),1746.0,1,2,2,,0.5,93.0,1,1,7.16
England,Fabian Delph,114.0,Manchester City,28.0,4(1),383.0,,,,,0.2,92.7,0.6,,7.04
England,Danny Rose,,,,,,,,,,,,,,
England,Eric Dier,75.0,Tottenham,24.0,32(2),2827.0,,2,4,,0.9,86.3,2.4,,6.96
England,Eric Dier,179.0,Tottenham,24.0,7,614.0,,1,1,,0.4,80.9,1.6,,6.86
England,Kyle Walker,53.0,Manchester City,28.0,32,2787.0,,6,2,1,0.4,87.8,2.2,,7.05
England,Kyle Walker,84.0,Manchester City,28.0,7,630.0,,1,1,,0.3,87.7,2.1,,7.1
England,Kieran Trippier,57.0,Tottenham,27.0,21(3),1914.0,,5,1,,0.3,81.4,1.5,,7.04
England,Trent Alexander-Arnold,63.0,Liverpool,19.0,18(1),1576.0,1,1,3,,0.6,77.3,0.3,,7.02
England,Trent Alexander-Arnold,102.0,Liverpool,19.0,9(1),821.0,1,1,2,,0.8,77.0,0.2,,7.07
England,Harry Maguire,49.0,Leicester,25.0,38,3420.0,2,4,7,,0.8,78.4,3.1,1,7.08
England,John Stones,11.0,Manchester City,24.0,5,450.0,3,,,,0.8,95.5,2,1,7.87
England,Phil Jones,27.0,Manchester United,26.0,23,1975.0,,,2,,0.1,91.2,2.5,2,7.21
England,Gary Cahill,113.0,Chelsea,32.0,24(3),2084.0,,,1,1,0.4,89.0,3.4,,6.87
England,Gary Cahill,319.0,Chelsea,32.0,5(1),448.0,,,1,,0.7,92.2,1.7,,6.54
England,Jordan Henderson,77.0,Liverpool,27.0,25(2),2173.0,1,1,1,,0.6,84.4,1,,6.95
England,Jordan Henderson,177.0,Liverpool,27.0,9(1),868.0,,,3,,0.2,82.7,0.8,,6.86
England,Jesse Lingard,127.0,Manchester United,25.0,20(13),1823.0,8,5,2,,1.7,87.8,0.2,1,6.82
England,Jesse Lingard,426.0,Manchester United,25.0,3(3),246.0,,,2,,0.7,91.6,0.3,,6.23
England,Ruben Loftus-Cheek,47.0,Crystal Palace,22.0,21(3),1875.0,2,3,1,,1.3,82.4,1.3,1,7.08
England,Ashley Young,38.0,Manchester United,32.0,28(2),2448.0,2,4,7,,0.6,79.5,0.6,4,7.12
England,Ashley Young,51.0,Manchester United,32.0,4,337.0,,1,1,,0.5,83.9,0.5,,7.27
England,Dele Alli,44.0,Tottenham,22.0,34(2),2972.0,9,10,7,,1.9,77.2,0.8,1,7.09
England,Dele Alli,13.0,Tottenham,22.0,5,427.0,2,4,1,,1.6,80.7,0.6,1,7.73
England,Raheem Sterling,7.0,Manchester City,23.0,29(4),2593.0,18,11,3,1,2.6,84.0,0.2,4,7.55
England,Raheem Sterling,28.0,Manchester City,23.0,5(3),497.0,4,1,1,,1.3,80.6,0.3,3,7.4
England,Harry Kane,5.0,Tottenham,24.0,35(2),3083.0,30,2,5,,5,71.2,1.6,9,7.6
England,Harry Kane,2.0,Tottenham,24.0,7,597.0,7,2,,,4.6,78.6,1.6,2,8.34
England,Jamie Vardy,71.0,Leicester,31.0,37,3258.0,20,1,3,,1.9,60.5,2.1,,6.98
England,Marcus Rashford,164.0,Manchester United,20.0,17(18),1810.0,7,5,3,,1.7,78.3,0.5,1,6.76
England,Marcus Rashford,153.0,Manchester United,20.0,3(5),345.0,3,1,1,,2.4,75.4,0.4,1,6.94
England,Danny Welbeck,39.0,Arsenal,27.0,9(1),762.0,3,,,,2.1,84.8,1.6,1,7.42
England,Danny Welbeck,250.0,Arsenal,27.0,12(16),1185.0,5,2,1,,1.1,79.8,0.9,2,6.52
Poland,Bartosz Bialkowski,187.0,Ipswich,30.0,45,4050.0,,,,,,42.9,0.5,1,6.79
Poland,Lukasz Fabianski,97.0,Swansea,33.0,38,3420.0,,,,,,53.4,0.4,3,6.89
Poland,Wojciech Szczesny,,,,,,,,,,,,,,
Poland,Jan Bednarek,,,,,,,,,,,,,,
Poland,Bartosz Bereszynski,179.0,Sampdoria,25.0,28(3),2484.0,,1,5,,0.2,81.1,0.8,1,6.69
Poland,Thiago Cionek,,,,,,,,,,,,,,
Poland,Kamil Glik,42.0,Monaco,30.0,36,3240.0,3,3,8,,0.7,81.1,2.7,1,7.12
Poland,Kamil Glik,292.0,Monaco,30.0,6,540.0,1,,,,0.7,73.3,3.8,,6.61
Poland,Artur Jedrzejczyk,,,,,,,,,,,,,,
Poland,Michal Pazdan,,,,,,,,,,,,,,
Poland,Lukasz Piszczek,19.0,Borussia Dortmund,33.0,24,2140.0,,3,3,,0.8,81.3,2.7,,7.19
Poland,Jakub Blaszczykowski,,,,,,,,,,,,,,
Poland,Jacek Goralski,181.0,Ludogorets Razgrad,25.0,6(1),485.0,,,1,,0.3,86.6,0.1,1,7.01
Poland,Kamil Goricki,,,,,,,,,,,,,,
Poland,Grzegorz Krychowiak,213.0,West Bromwich Albion,28.0,20(7),1643.0,,2,2,,0.6,78.4,1,,6.62
Poland,Slawomir Peszko,,,,,,,,,,,,,,
Poland,Maciej Rybus,405.0,Lokomotiv Moscow,28.0,5(1),495.0,1,,1,,0.5,83.1,0.8,,6.7
Poland,Maciej Rybus,131.0,Lokomotiv Moscow,28.0,16(4),1492.0,,,4,,0.5,82.5,1,,6.7
Poland,Piotr Zielinski,198.0,Napoli,24.0,4(1),353.0,2,,,,1,83.9,0.4,,6.81
Poland,Piotr Zielinski,155.0,Napoli,24.0,14(22),1659.0,4,2,3,,1.1,88.0,0.2,,6.75
Poland,Rafal Kurzawa,,,,,,,,,,,,,,
Poland,Karol Linetty,166.0,Sampdoria,23.0,21(8),2133.0,3,2,8,,0.9,81.0,0.4,,6.71
Poland,Dawid Kownacki,235.0,Sampdoria,21.0,6(16),811.0,5,1,,,1,75.4,1.4,,6.51
Poland,Robert Lewandowski,3.0,Bayern Munich,29.0,24(6),2169.0,29,2,1,,4.2,79.5,1.8,2,7.49
Poland,Robert Lewandowski,47.0,Bayern Munich,29.0,11,955.0,5,1,2,,4.2,77.1,2,1,7.29
Poland,Arkadiusz Milik,,,,,,,,,,,,,,
Poland,Lukasz Teodorczyk,392.0,Anderlecht,27.0,4(2),389.0,,1,1,,2,65.8,4,,6.34
Senegal,Abdoulaye Diallo,,,,,,,,,,,,,,
Senegal,Khadim Ndiaye,,,,,,,,,,,,,,
Senegal,Alfred Gomis,177.0,SPAL 2013,24.0,25(1),2260.0,,,,,,51.8,0.2,1,6.69
Senegal,Lamine Gassama,94.0,Alanyaspor,28.0,31,2675.0,,,8,,0.1,77.9,1,1,6.86
Senegal,Moussa Wague,,,,,,,,,,,,,,
Senegal,Saliou Ciss,,,,,,,,,,,,,,
Senegal,Youssouf Sabaly,45.0,Bordeaux,25.0,35,3094.0,,5,3,,0.3,82.3,1.2,2,7.11
Senegal,Kalidou Kalidou,,,,,,,,,,,,,,
Senegal,Salif Sane,8.0,Hannover 96,27.0,32,2880.0,4,1,6,,0.9,81.0,5.7,5,7.34
Senegal,Cheikhou Kouyate,136.0,West Ham,28.0,32(1),2803.0,2,3,5,,0.7,76.0,3.7,2,6.8
Senegal,Kara Mbodji,,,,,,,,,,,,,,
Senegal,Idrisa Gana Gueye,,,,,,,,,,,,,,
Senegal,Cheikh Ndoye,,,,,,,,,,,,,,
Senegal,Alfred Ndiaye,,,,,,,,,,,,,,
Senegal,Pape Alioune Ndiaye,,,,,,,,,,,,,,
Senegal,Moussa Sow,,,,,,,,,,,,,,
Senegal,Moussa Konate,209.0,Amiens,25.0,28(5),2482.0,13,1,8,,2.1,67.7,2.3,2,6.64
Senegal,Diafra Sakho,,,,,,,,,,,,,,
Senegal,Sadio Mane,20.0,Liverpool,26.0,28(1),2207.0,10,7,3,1,2.4,80.4,0.9,1,7.27
Senegal,Sadio Mane,5.0,Liverpool,26.0,11,940.0,10,1,2,,2.8,77.2,1.5,4,8.12
Senegal,Ismaila Sarr,92.0,Rennes,20.0,22(2),1866.0,5,3,2,,1.7,79.7,0.5,,6.92
Senegal,Mame Biram Diouf,162.0,Stoke,30.0,30(5),2602.0,6,2,6,,1.7,57.3,4.1,2,6.76
Senegal,Mbaye Niang,,,,,,,,,,,,,,
Senegal,Diao Keita Balde,,,,,,,,,,,,,,
Colombia,David Ospina,240.0,Arsenal,29.0,10,900.0,,,,,,74.0,0.1,1,6.94
Colombia,Camilo Vargas,,,,,,,,,,,,,,
Colombia,Jose Fernando Cuadrado,,,,,,,,,,,,,,
Colombia,Cristian Zapata,235.0,AC Milan,31.0,4,360.0,,,,,0.5,89.1,2.5,,6.94
Colombia,Davinson Sanchez,78.0,Tottenham,21.0,29(2),2535.0,,,1,1,0.3,89.4,2.4,,6.94
Colombia,Davinson Sanchez,236.0,Tottenham,21.0,8,720.0,,,,,0.4,89.7,1.3,,6.74
Colombia,Santiago Arias,25.0,PSV Eindhoven,26.0,30,2664.0,3,6,5,,1.5,82.3,1,2,7.25
Colombia,Oscar Murillo,,,,,,,,,,,,,,
Colombia,Frank Fabra,9.0,Boca Juniors,27.0,22,1936.0,2,3,6,,0.5,83.8,1.4,2,7.45
Colombia,Johan Mojica,155.0,Girona,25.0,22(8),2132.0,,4,6,,0.7,77.8,0.9,1,6.74
Colombia,Yerry Mina,,,,,,,,,,,,,,
Colombia,Wilmar Barrios,17.0,Boca Juniors,24.0,23,1991.0,1,,6,,0.2,84.4,2,1,7.36
Colombia,Carlos Sanchez,,,,,,,,,,,,,,
Colombia,Jefferson Lerma,62.0,Levante,23.0,25(1),2138.0,,1,16,,1,81.7,3.4,,6.99
Colombia,Jose Izquierdo,212.0,Brighton,25.0,23(9),1989.0,5,3,2,,1.6,78.4,0.5,,6.62
Colombia,James Rodriguez,1.0,Bayern Munich,26.0,19(4),1627.0,7,11,2,,1.7,90.0,0.3,5,7.63
Colombia,James Rodriguez,110.0,Bayern Munich,26.0,8(4),779.0,1,2,1,,1.7,89.8,,,7.05
Colombia,Abel Aguilar,,,,,,,,,,,,,,
Colombia,Juan Fernando Quintero,,,,,,,,,,,,,,
Colombia,Mateus Uribe,,,,,,,,,,,,,,
Colombia,Juan Guillermo Cuadrado,,,,,,,,,,,,,,
Colombia,Radamel Falcao Garcia,,,,,,,,,,,,,,
Colombia,Miguel Borja,,,,,,,,,,,,,,
Colombia,Carlos Bacca,501.0,Villarreal,31.0,6,484.0,2,1,,,2.7,75.5,0.7,,6.6
Colombia,Carlos Bacca,70.0,Villarreal,31.0,30(5),2512.0,15,6,9,,2.1,73.8,0.7,3,6.95
Colombia,Luis Fernando Muriel,,,,,,,,,,,,,,
Japan,Eiji Kawashima,217.0,Metz,35.0,29,2570.0,,,,1,,49.3,,,6.61
Japan,Masaaki Higashiguchi,,,,,,,,,,,,,,
Japan,Kosuke Nakamura,,,,,,,,,,,,,,
Japan,Yuto Nagatomo,,,,,,,,,,,,,,
Japan,Tomoaki Makino,,,,,,,,,,,,,,
Japan,Maya Yoshida,115.0,Southampton,29.0,23(1),2051.0,2,,2,1,0.8,84.2,2.8,,6.86
Japan,Hiroki Sakai,77.0,Marseille,28.0,8(2),765.0,1,1,1,,0.4,79.4,2,,7.26
Japan,Hiroki Sakai,104.0,Marseille,28.0,30(3),2523.0,,3,1,,0.1,82.2,1.8,1,6.89
Japan,Gotoku Sakai,200.0,Hamburger SV,27.0,26(2),2289.0,,,2,,0.6,75.7,1.3,,6.63
Japan,Gen Shoji,,,,,,,,,,,,,,
Japan,Wataru Endo,,,,,,,,,,,,,,
Japan,Naomichi Ueda,,,,,,,,,,,,,,
Japan,Makoto Hasebe,215.0,Eintracht Frankfurt,34.0,23(1),2090.0,,,3,1,0.1,88.5,0.6,,6.57
Japan,Keisuke Honda,,,,,,,,,,,,,,
Japan,Takashi Inui,198.0,Eibar,30.0,31(3),2640.0,5,2,4,,1.9,80.4,0.4,2,6.64
Japan,Shinji Kagawa,123.0,Borussia Dortmund,29.0,12(7),1166.0,5,1,,,1.3,87.5,0.1,,6.81
Japan,Shinji Kagawa,237.0,Borussia Dortmund,29.0,5,402.0,,2,,,2.2,88.4,0.6,,6.73
Japan,Hotaru Yamaguchi,,,,,,,,,,,,,,
Japan,Genki Haraguchi,,,,,,,,,,,,,,
Japan,Takashi Usami,103.0,Fortuna Duesseldorf,26.0,14(14),1389.0,8,3,,,1.3,78.4,0.3,2,6.89
Japan,Gaku Shibasaki,277.0,Getafe,26.0,12(10),1004.0,1,,2,,0.5,74.7,0.3,,6.4
Japan,Ryota Oshima,,,,,,,,,,,,,,
Japan,Shinji Okazaki,230.0,Leicester,32.0,17(10),1330.0,6,2,2,,1,73.3,1.1,1,6.58
Japan,Yuya Osako,393.0,FC Cologne,28.0,3(3),357.0,2,1,,,1.7,78.3,1.2,1,6.71
Japan,Yuya Osako,237.0,FC Cologne,28.0,23(2),1906.0,4,2,2,1,1.4,72.9,1.4,1,6.51
Japan,Yoshinori Muto,148.0,Mainz 05,25.0,20(7),1906.0,8,2,2,,1.4,74.9,1.3,1,6.75
Argentina,Nahuel Guzmn,,,,,,,,,,,,,,
Argentina,Willy Caballero,,,,,,,,,,,,,,
Argentina,Franco Armani,64.0,River Plate,31.0,14,1260.0,,,,,,62.3,0.4,,7.11
Argentina,Gabriel Mercado,129.0,Sevilla,31.0,25(1),2124.0,,1,9,,0.7,83.1,1.6,1,6.8
Argentina,Gabriel Mercado,333.0,Sevilla,31.0,8,692.0,,,3,,0.3,79.0,1,,6.49
Argentina,Nicolas Otamendi,33.0,Manchester City,30.0,33(1),2968.0,4,,9,,0.9,91.9,2.3,5,7.13
Argentina,Nicolas Otamendi,49.0,Manchester City,30.0,8,720.0,1,,2,,0.6,92.6,3.3,,7.28
Argentina,Federico Fazio,98.0,Roma,31.0,10(1),922.0,,1,2,,0.5,85.5,2.9,,7.07
Argentina,Federico Fazio,18.0,Roma,31.0,32(2),2920.0,2,,6,,0.5,84.4,4.4,5,7.26
Argentina,Nicolas Tagliafico,,,,,,,,,,,,,,
Argentina,Marcos Rojo,,,,,,,,,,,,,,
Argentina,Marcos Acuna,216.0,Sporting CP,26.0,4(2),404.0,,,,,2,72.2,0.7,1,6.97
Argentina,Marcos Acuna,28.0,Sporting CP,26.0,27(4),2296.0,4,5,7,,1.5,76.5,0.6,3,7.19
Argentina,Marcos Acuna,235.0,Sporting CP,26.0,5,433.0,,1,2,,,71.3,0.8,,6.74
Argentina,Cristian Ansaldi,81.0,Torino,31.0,20(5),1868.0,1,3,5,1,0.7,74.4,0.2,1,6.92
Argentina,Eduardo Salvio,45.0,Benfica,27.0,19(7),1608.0,9,4,4,,1.9,81.0,0.2,1,7.05
Argentina,Eduardo Salvio,194.0,Benfica,27.0,4(1),398.0,,,2,,2,81.5,0.6,,6.82
Argentina,Javier Mascherano,46.0,Hebei CFFC,33.0,10,900.0,,1,4,,1,81.7,1.5,,7.03
Argentina,Angel Di Maria,13.0,Paris Saint Germain,30.0,26(4),2122.0,11,6,1,,3.2,79.4,,3,7.37
Argentina,Angel Di Maria,312.0,Paris Saint Germain,30.0,1(4),143.0,1,1,,,1.4,76.2,,,6.55
Argentina,Ever Banega,42.0,Sevilla,29.0,25(6),2397.0,3,3,9,1,1.2,86.8,0.4,,7.08
Argentina,Ever Banega,15.0,Sevilla,29.0,9,792.0,1,2,4,,1.2,87.6,0.3,2,7.72
Argentina,Lucas Biglia,36.0,AC Milan,32.0,5,450.0,,,,,0.6,89.9,1.6,,7.43
Argentina,Lucas Biglia,95.0,AC Milan,32.0,24(4),2043.0,1,1,5,,0.8,91.0,0.8,1,6.88
Argentina,Manuel Lanzini,55.0,West Ham,25.0,23(4),2049.0,5,6,4,,1.6,87.6,0.1,2,7.04
Argentina,Gio Lo Celso,,,,,,,,,,,,,,
Argentina,Maximiliano Meza,21.0,Independiente,26.0,17(2),1539.0,3,4,1,,2.5,76.5,2.1,,7.3
Argentina,Lionel Messi,1.0,Barcelona,30.0,32(4),2997.0,34,12,3,,5.5,81.2,0.2,22,8.68
Argentina,Lionel Messi,6.0,Barcelona,30.0,8(2),783.0,6,2,2,,4.4,81.5,0.2,6,8.03
Argentina,Sergio Aguero,1.0,Manchester City,30.0,22(3),1969.0,21,6,2,,3.8,82.8,0.4,4,7.81
Argentina,Sergio Aguero,109.0,Manchester City,30.0,5(2),440.0,4,1,,,3.4,77.2,0.3,,7.05
Argentina,Gonzalo Higuain,56.0,Juventus,30.0,9(1),831.0,5,1,1,,2.4,78.5,0.5,2,7.24
Argentina,Gonzalo Higuain,19.0,Juventus,30.0,32(3),2818.0,16,6,4,,2.9,80.4,0.3,5,7.25
Argentina,Paulo Dybala,181.0,Juventus,24.0,8,661.0,1,,,1,4.1,87.7,0.1,,6.86
Argentina,Paulo Dybala,1.0,Juventus,24.0,26(7),2358.0,22,5,,,3.5,87.3,0.2,8,7.77
Argentina,Cristian Pavon,5.0,Boca Juniors,22.0,26,2283.0,6,11,3,,2.5,74.0,0.7,5,7.57
